Name,BirthDate,Age,Sex,Division,Equipment,Tested,BodyweightKg,WeightClassKg,Bench1Kg,Bench2Kg,Bench3Kg,Bench4Kg,Best3BenchKg,Deadlift1Kg,Deadlift2Kg,Deadlift3Kg,Deadlift4Kg,Best3DeadliftKg,TotalKg,Place,Event
Aaron Hayes,,23,M,M-J-R-IPO,Raw,No,137.2,140,150,157.5,,,157.5,,,,,,157.5,1,B
Aaron Hayes,,23,M,M-J-R-IPO,Raw,No,137.2,140,,,,,,267.5,275,282.5,-300,282.5,282.5,1,D
Adam McDonagh,,18,M,M-T3-R-AIPO,Raw,Yes,91.45,100,100,-110,-110,,100,,,,,,100,2,B
Adam McDonagh,,18,M,M-T3-R-AIPO,Raw,Yes,91.45,100,,,,,,220,230,240,,240,240,1,D
Alan Dobbins,,56,M,M-M4-R-AIPO,Raw,Yes,81.2,82.5,125,130,135,-137.5,135,,,,,,135,1,B
Andre Du Plessis,,55,M,M-M4-R-AIPO,Raw,Yes,155.05,140+,-210,210,-220,,210,,,,,,210,1,B
Andre Du Plessis,,55,M,M-M4-SP-AIPO,Single-ply,Yes,155.05,140+,,,,,,260,270,280,-290,280,280,1,D
Angeline Collins Driver,,59,F,F-M4-R-AIPO,Raw,Yes,62.95,67.5,,,,,,90,100,-105,,100,100,1,D
Bosco Reid,,59,M,M-M4-R-AIPO,Raw,Yes,88,90,80,85,,,85,,,,,,85,1,B
Bosco Reid,,59,M,M-M4-SP-AIPO,Single-ply,Yes,88,90,90,95,100,,100,,,,,,100,1,B
Bosco Reid,,59,M,M-M4-R-AIPO,Raw,Yes,88,90,,,,,,145,,,,145,145,1,D
Bosco Reid,,59,M,M-M4-SP-AIPO,Single-ply,Yes,88,90,,,,,,150,162.5,172.5,182.5,172.5,172.5,1,D
Brendan O'Rourke,,43,M,M-M1-R-AIPO,Raw,Yes,92.55,100,135,140,142.5,,142.5,,,,,,142.5,1,B
Brendan O'Rourke,,43,M,M-M1-R-AIPO,Raw,Yes,92.55,100,,,,,,225,235,-247.5,,235,235,1,D
Caroline Dolan,,28,F,F-OR-AIPO,Raw,Yes,59.05,60,,,,,,155,162.5,170,,170,170,1,D
Cheryl O'Neill,,40,F,F-M1-R-AIPO,Raw,Yes,82.5,82.5,60,-65,-65,,60,,,,,,60,2,B
Colte Smullen,,17,M,M-T2-R-AIPO,Raw,Yes,58.2,60,70,75,80,,80,,,,,,80,1,B
Conor Sullivan,,19,M,M-T3-R-AIPO,Raw,Yes,108.05,110,,,,,,190,212.5,222.5,,222.5,222.5,1,D
Conor Sullivan,,19,M,M-T3-R-AIPO,Raw,Yes,108.05,110,120,130,137.5,-142.5,137.5,,,,,,137.5,1,B
Daniel O'Neill,,38,M,M-O-R-AIPO,Raw,Yes,88.65,90,132.5,137.5,-142.5,,137.5,,,,,,137.5,1,B
Daniel O'Neill,,38,M,M-O-R-AIPO,Raw,Yes,88.65,90,,,,,,222.5,235,245,,245,245,2,D
Darragh Luttrell,,38,M,M-O-R-AIPO,Raw,Yes,85.25,90,90,95,-100,,95,,,,,,95,2,B
Darragh Luttrell,,38,M,M-O-R-AIPO,Raw,Yes,85.25,90,,,,,,170,180,190,,190,190,4,D
Darragh Murphy,,18,M,M-T3-R-AIPO,Raw,Yes,97.65,100,135,140,-142.5,,140,,,,,,140,1,B
Darragh Murphy,,18,M,M-T3-R-AIPO,Raw,Yes,97.65,100,,,,,,-190,200,210,,210,210,2,D
David Conway,,40,M,M-M1-R-AIPO,Raw,Yes,89,90,80,90,-100,,90,,,,,,90,1,B
David Conway,,41,M,M-M1-R-AIPO,Raw,Yes,89,90,,,,,,130,150,165,,165,165,1,D
David Fitzgerald,,19,M,M-T3-R-AIPO,Raw,Yes,88.35,90,125,130,132.5,135,132.5,,,,,,132.5,1,B
David Fitzgerald,,19,M,M-T3-R-AIPO,Raw,Yes,88.35,90,,,,,,210,215,222.5,,222.5,222.5,1,D
David O'Keeffe,,28,M,M-O-R-AIPO,Raw,Yes,100.95,110,127.5,132.5,-135,,132.5,,,,,,132.5,2,B
David O'Keeffe,,28,M,M-O-R-AIPO,Raw,Yes,100.95,110,,,,,,255,270,280,,280,280,1,D
Edward Dee,,43,M,M-M1-R-AIPO,Raw,Yes,72.8,75,120,-125,125,,125,,,,,,125,1,B
Edyta Piechowicz,,33,F,F-OR-AIPO,Raw,Yes,63.95,67.5,65,-70,-70,,65,,,,,,65,1,B
Edyta Piechowicz,,33,F,F-O-SP-AIPO,Single-ply,Yes,63.95,67.5,80,-85,-85,,80,,,,,,80,1,B
Edyta Piechowicz,,33,F,F-OR-AIPO,Raw,Yes,63.95,67.5,,,,,,150,160,,,160,160,1,D
Edyta Piechowicz,,33,F,F-O-SP-AIPO,Single-ply,Yes,63.95,67.5,,,,,,160,170,-182.5,,170,170,1,D
Ellen Tobin,,25,F,F-O-MP-AIPO,Multi-ply,Yes,64.7,67.5,75,-82.5,-85,,75,,,,,,75,1,B
Emma Ryall,,36,F,F-OR-AIPO,Raw,Yes,72.2,75,50,55,60,,60,,,,,,60,1,B
Emma Ryall,,36,F,F-OR-AIPO,Raw,Yes,72.2,75,,,,,,100,117.5,125,,125,125,1,D
Evan Bedfort Grant,,15,M,M-T1-R-AIPO,Raw,Yes,55.5,56,,,,,,100,107.5,110,-112.5,110,110,1,D
Evan Bedfort Grant,,15,M,M-T1-R-AIPO,Raw,Yes,55.5,56,-35,35,40,-45,40,,,,,,40,1,B
Gary King,,27,M,M-O-R-AIPO,Raw,Yes,118.1,125,150,155,160,,160,,,,,,160,1,B
Gary King,,27,M,M-O-R-AIPO,Raw,Yes,118.1,125,,,,,,240,250,260,,260,260,2,D
Ian Brennan,,33,M,M-O-SP-AIPO,Single-ply,Yes,89.7,90,120,-127.5,127.5,,127.5,,,,,,127.5,1,B
Ian Brennan,,33,M,M-O-R-AIPO,Raw,Yes,89.7,90,,,,,,165,175,182.5,,182.5,182.5,5,D
Jacinta Smith,,46,F,F-M2-R-AIPO,Raw,Yes,117.9,90+,-75,75,-80,,75,,,,,,75,1,B
Jacinta Smith,,46,F,F-M2-R-AIPO,Raw,Yes,117.9,90+,,,,,,140,150,160,,160,160,1,D
Jake Coleman,,14,M,M-T1-R-AIPO,Raw,Yes,56.01,60,,,,,,90,100,105,,105,105,1,D
James Hickey,,42,M,M-M1-R-AIPO,Raw,Yes,125.95,140,190,205,-217.5,,205,,,,,,205,2,B
James Hickey,,42,M,M-M1-R-AIPO,Raw,Yes,125.95,140,,,,,,290,340,365,,365,365,1,D
James McNamara,,37,M,M-O-R-AIPO,Raw,Yes,160.55,140+,120,-125,-125,,120,,,,,,120,1,B
James McNamara,,37,M,M-O-R-AIPO,Raw,Yes,160.55,140+,,,,,,222.5,232.5,242.5,,242.5,242.5,1,D
James O'Connell,,40,M,M-M1-R-AIPO,Raw,Yes,129,140,225,-232.5,232.5,,232.5,,,,,,232.5,1,B
Jeffery O'Neill,,29,M,M-O-MP-IPO,Multi-ply,No,97.85,100,-220,220,-227.5,,220,,,,,,220,1,B
John McHugh,,14,M,M-T1-R-AIPO,Raw,Yes,90.5,100,,,,,,140,150,160,170,160,160,1,D
Katherine Fitzgerald,,40,F,F-M1-R-AIPO,Raw,Yes,112.9,90+,60,65,-70,,65,,,,,,65,1,B
Katherine Fitzgerald,,40,F,F-M1-R-AIPO,Raw,Yes,112.9,90+,,,,,,125,-130,-130,,125,125,1,D
Kenneth Taaffe,,45,M,M-M2-SP-AIPO,Single-ply,Yes,89.3,90,,,,,,270,300,-310,,300,300,1,D
Kieran McNulty,,31,M,M-O-R-AIPO,Raw,Yes,89.15,90,,,,,,230,240,250,255,250,250,1,D
Luke McHale,,19,M,M-T3-R-AIPO,Raw,Yes,82.45,82.5,70,75,80,,80,,,,,,80,1,B
Luke McHale,,19,M,M-T3-R-AIPO,Raw,Yes,82.45,82.5,,,,,,160,172.5,180,,180,180,1,D
Luke Thompson,,15,M,M-T1-R-AIPO,Raw,Yes,76.4,82.5,,,,,,115,125,135,,135,135,1,D
Maria McShane,,31,F,F-OR-AIPO,Raw,Yes,55.8,56,,,,,,130,140,150,-157.5,150,150,1,D
Maria McShane,,31,F,F-O-SP-AIPO,Single-ply,Yes,55.8,56,,,,,,140,150,-160,,150,150,1,D
Marie Bourke,,33,F,F-O-MP-IPO,Multi-ply,No,55.2,56,-95,-95,-95,,,,,,,,,DQ,B
Marie Bourke,,33,F,F-O-MP-IPO,Multi-ply,No,55.2,56,,,,,,135,145,152.5,157.5,152.5,152.5,1,D
Marius Lapenas,,39,M,M-O-R-AIPO,Raw,Yes,96.8,100,195,205,210,215,210,,,,,,210,1,B
Mark Doherty,,53,M,M-M3-R-AIPO,Raw,Yes,96.6,100,105,-115,-115,,105,,,,,,105,1,B
Mark Doherty,,53,M,M-M3-R-AIPO,Raw,Yes,96.6,100,,,,,,190,200,210,,210,210,1,D
Maurice Dee,,55,M,M-M4-R-AIPO,Raw,Yes,66.3,67.5,92.5,97.5,100,102.5,100,,,,,,100,1,B
Michael Coleman #2,,44,M,M-M1-SP-AIPO,Single-ply,Yes,99.25,100,160,170,-182.5,,170,,,,,,170,1,B
Michael Coleman #2,,44,M,M-M1-R-AIPO,Raw,Yes,99.25,100,132.5,-135,,,132.5,,,,,,132.5,3,B
Niall Finneran,,25,M,M-O-R-AIPO,Raw,Yes,132.1,140,,,,,,-265,,,,,,DQ,D
Niall O'Keeffe,,43,M,M-M1-R-AIPO,Raw,Yes,82.4,82.5,145,150,155,160,155,,,,,,155,1,B
Niall O'Keeffe,,43,M,M-M1-R-AIPO,Raw,Yes,82.4,82.5,,,,,,190,-200,205,212.5,205,205,1,D
Nicola Phelan,,37,F,F-OR-IPO,Raw,No,63.05,67.5,50,57.5,60,-62.5,60,,,,,,60,1,B
Nicola Phelan,,36,F,F-OR-IPO,Raw,No,63.05,67.5,,,,,,100,110,120,-127.5,120,120,1,D
Oisin Smith,,14,M,M-T1-R-AIPO,Raw,Yes,106.5,110,50,-55,-57.5,,50,,,,,,50,1,B
Oisin Smith,,14,M,M-T1-R-AIPO,Raw,Yes,106.5,110,,,,,,132.5,142.5,150,-152.5,150,150,1,D
Oskars Zvarts,,41,M,M-M1-SP-IPO,Single-ply,No,142.15,140+,260,270,-280,,270,,,,,,270,1,B
Paudie Phelan,,45,M,M-M2-MP-IPO,Multi-ply,No,123.55,125,-200,-200,-200,,,,,,,,,DQ,B
Paudie Phelan,,45,M,M-M2-MP-IPO,Multi-ply,No,123.55,125,,,,,,250,265,,,265,265,1,D
Paul Slattery,,37,M,M-O-R-AIPO,Raw,Yes,99.45,100,,,,,,215,230,240,,240,240,1,D
Paulina Coleman,,42,F,F-M1-R-AIPO,Raw,Yes,81.05,82.5,77.5,82.5,-85,,82.5,,,,,,82.5,1,B
Paulina Coleman,,42,F,F-M1-SP-AIPO,Single-ply,Yes,81.05,82.5,-100,-100,100,-105,100,,,,,,100,1,B
Paulina Coleman,,42,F,F-M1-SP-AIPO,Single-ply,Yes,81.05,82.5,,,,,,180,190,200,-205,200,200,1,D
Philip Murtagh,,61,M,M-M5-R-AIPO,Raw,Yes,100.03,110,-60,60,65,-70,65,,,,,,65,1,B
Philip Murtagh,,61,M,M-M5-R-AIPO,Raw,Yes,100.03,110,,,,,,150,160,170,180,170,170,1,D
Robert Kelly,,38,M,M-O-R-AIPO,Raw,Yes,120.3,125,130,140,155,,155,,,,,,155,2,B
Robert Kelly,,38,M,M-O-R-AIPO,Raw,Yes,120.3,125,,,,,,250,270,-285,,270,270,1,D
Ronan Kelly,,43,M,M-M1-R-AIPO,Raw,Yes,98.15,100,130,132.5,140,,140,,,,,,140,2,B
Ronan Kelly,,43,M,M-M1-R-AIPO,Raw,Yes,98.15,100,,,,,,190,200,210,,210,210,2,D
Ross Coyle,,36,M,M-O-R-AIPO,Raw,Yes,95.9,100,80,-90,90,,90,,,,,,90,3,B
Ross Coyle,,36,M,M-O-R-AIPO,Raw,Yes,95.9,100,,,,,,180,190,200,,200,200,2,D
Sarah Skehan,,31,F,F-O-SP-AIPO,Single-ply,Yes,114.04,90+,87.5,92.5,95,-100,95,,,,,,95,1,B
Sarah Skehan,,31,F,F-OR-AIPO,Raw,Yes,114.04,90+,,,,,,140,155,-165,,155,155,1,D
Sarah Thomson,,46,F,F-M2-R-AIPO,Raw,Yes,65,67.5,,,,,,115,-125,125,135,125,125,1,D
Seán Cregan,,55,M,M-M4-R-AIPO,Raw,Yes,78.75,82.5,,,,,,180,200,210,-215,210,210,1,D
Sean Hough,1997-03-28,22,M,M-J-MP-IPO,Multi-ply,No,124.85,125,220,-240,,,220,,,,,,220,1,B
Sean Hough,1997-03-28,22,M,M-J-MP-IPO,Multi-ply,No,124.85,125,,,,,,250,270,-285,,270,270,1,D
Seán Pepper,,31,M,M-O-R-AIPO,Raw,Yes,88.15,90,,,,,,180,192.5,212.5,,212.5,212.5,3,D
Shane Brodie,,,M,M-M2-MP-IPO,Multi-ply,No,97.6,100,192.5,-200,,,192.5,,,,,,192.5,1,B
Shane O'Connell,,32,M,M-O-R-AIPO,Raw,Yes,102.35,110,182.5,190,192.5,195,192.5,,,,,,192.5,1,B
Stephen Rigley,,43,M,M-M1-SP-AIPO,Single-ply,Yes,79.2,82.5,150,160,-165,,160,,,,,,160,1,B
Thomas McCague,,40,M,M-M1-RP-AIPO,Raw,Yes,84.1,90,132.5,-137.5,-137.5,,132.5,,,,,,132.5,1,B
Tommy Collins,,38,M,M-O-R-AIPO,Raw,Yes,96.75,100,145,150,-152.5,,150,,,,,,150,2,B
