Name,Age,Division,Sex,BodyweightKg,WeightClassKg,Squat1Kg,Squat2Kg,Squat3Kg,Best3SquatKg,Bench1Kg,Bench2Kg,Bench3Kg,Best3BenchKg,Deadlift1Kg,Deadlift2Kg,Deadlift3Kg,Deadlift4Kg,Best3DeadliftKg,TotalKg,Place,Event,Equipment
Beaudean Lines,31,MO-RP,M,96.1,100,190,210,220,220,120,130,-137.5,130,230,250,-260,,250,600,1,SBD,Wraps
Allan Todd,61,MO-RP,M,110,110,210,-220,220,220,110,120,130,130,210,220,235,240,235,585,2,SBD,Wraps
James McFadzean,26,MO-R,M,89.5,90,200,210,217.5,217.5,150,160,-165,160,220,230,-235,,230,607.5,1,SBD,Raw
Sam Williams,26,MO-R,M,99.6,100,170,190,-200,190,110,120,-125,120,200,220,-235,,220,530,2,SBD,Raw
Eddie Jones #1,49,MO-R,M,89.7,90,120,135,145,145,100,117.5,122.5,122.5,170,185,190,195,190,457.5,3,SBD,Raw
Jesse Jones #1,20,MO-R,M,79.6,82.5,120,137.5,145,145,75,87.5,92.5,92.5,160,175,182.5,,182.5,420,4,SBD,Raw
Steve Gornall,25,MO-R,M,109.9,110,120,160,165,165,80,95,-105,95,160,190,-195,,190,450,5,SBD,Raw
Mark Edmonds,44,MO-R,M,115,125,220,-230,230,230,140,150,-160,150,,,,,,,DQ,SBD,Raw
