Name,Age,Division,Sex,Event,Equipment,BodyweightKg,WeightClassKg,Bench1Kg,Bench2Kg,Bench3Kg,Bench4Kg,Best3BenchKg,TotalKg,Place
Elise Cupitt,30,FO-R,F,B,Raw,78.5,82.5,62.5,65,67.5,70,67.5,67.5,1
Shelley Simpson,35,FO-R,F,B,Raw,65.9,67.5,65,-70,70,,70,70,1
Melissa Matthias,34,FSM-R,F,B,Raw,66.3,67.5,75,-81,81,,81,81,2
Lucie Thompson,38,FSM-R,F,B,Raw,66.6,67.5,90,97.5,102.5,,102.5,102.5,1
Jonathan Walder,16,MT-R,M,B,Raw,76.9,82.5,87.5,103.5,-105,,103.5,103.5,1
Luke Coleman,28,MO-R,M,B,Raw,87.4,90,120,130,-140,,130,130,1
Peter Weatherall,46,MM-R,M,B,Raw,99.98,100,155,167.5,170,175,170,170,1
Michael Trentin,43,MO-MP,M,B,Multi-ply,82.2,82.5,185,193,-197,-197,193,193,1
Andrew Caltabiano,25,MO-R,M,B,Raw,113.6,125,-200,205,210,,210,210,1
