Name,Age,Division,Sex,WeightClassKg,BodyweightKg,Equipment,Squat1Kg,Squat2Kg,Squat3Kg,Best3SquatKg,Bench1Kg,Bench2Kg,Bench3Kg,Best3BenchKg,Deadlift1Kg,Deadlift2Kg,Deadlift3Kg,Best3DeadliftKg,TotalKg,Event,Place
Janette Hooson,37,FO-R,F,82.5,78.9,Raw,-100,-100,100,100,70,75,80,80,105,120,,120,300,SBD,1
Daniel Cann,38,MO-MP,M,110,108.7,Multi-ply,105,,,105,105,,,105,105,,,105,315,SBD,1
Viktor Lyall,19,MT-R,M,82.5,78.3,Raw,-115,115,,115,-70,70,,70,145,,,145,330,SBD,1
Terrence Titus,,MM-MP,M,125,118.9,Multi-ply,225,,,225,105,,,105,185,,,185,515,SBD,1
Alex Lowe #1,22,MJ-R,M,100,96.2,Raw,250,260,-270,260,175,180,-190,180,280,300,-315,300,740,SBD,1
