Place,Name,BirthDate,BirthYear,Team,BodyweightKg,Bench1Kg,Bench2Kg,Bench3Kg,Best3BenchKg,TotalKg,Sex,Division,Equipment,Event
1,Mónika Nyers,1978-07-29,,TabiFK,50,85,100,110,110,110,F,Open,Single-ply,B
1,Erika Salamon,,1974,TabiFK,56.4,105,110,113,113,113,F,Open,Single-ply,B
1,Zsanett Palágyi,1986-09-15,,TabiFK,61.2,105,110,117.5,117.5,117.5,F,Open,Single-ply,B
2,Lili Szabó,,2000,Marvel,62.7,85,90,95,95,95,F,Open,Single-ply,B
3,Dr. Anett Kiss,,1976,RKA Erőm,62.3,80,87.5,-92.5,87.5,87.5,F,Open,Single-ply,B
4,Katalin Rizán,,1987,RKA Erőm,61.7,85,-90,-92.5,85,85,F,Open,Single-ply,B
5,Adrienn Valter,1987-10-22,,TabiFK,61.6,60,65,67.5,67.5,67.5,F,Open,Single-ply,B
6,Éva Makai,,1979,TabiFK,62.9,42.5,47.5,52.5,52.5,52.5,F,Open,Single-ply,B
1,Rita Szívós,,1983,VaultHunt,69.8,110,-115,-117.5,110,110,F,Open,Single-ply,B
2,Edina Magyar,,1990,RKA Erőm,71,95,110,-117.5,110,110,F,Open,Single-ply,B
3,Lászlóné Farkas,,1967,Fortius SE,70,105,-112.5,-115,105,105,F,Open,Single-ply,B
4,Krisztina Lója,,1979,RKA Erőm,64.9,90,-95,95,95,95,F,Open,Single-ply,B
5,Katalin Éva Szabados,,1975,Fortius SE,70.4,-65,65,70,70,70,F,Open,Single-ply,B
1,Szilvia Bak,,1971,Fortius SE,83.1,-90,90,-105,90,90,F,Open,Single-ply,B
1,Mónika Lovas,,1994,Toldi SE,125.6,100,140,150,150,150,F,Open,Single-ply,B
1,Mónika Nyers,1978-07-29,,TabiFK,50,85,100,110,110,110,F,Masters 1,Single-ply,B
1,Erika Salamon,,1974,TabiFK,56.4,105,110,113,113,113,F,Masters 1,Single-ply,B
1,Dr. Anett Kiss,,1976,RKA Erőm,62.3,80,87.5,-92.5,87.5,87.5,F,Masters 1,Single-ply,B
2,Éva Makai,,1979,TabiFK,62.9,42.5,47.5,52.5,52.5,52.5,F,Masters 1,Single-ply,B
1,Krisztina Lója,,1979,RKA Erőm,64.9,90,-95,95,95,95,F,Masters 1,Single-ply,B
2,Katalin Éva Szabados,,1975,Fortius SE,70.4,-65,65,70,70,70,F,Masters 1,Single-ply,B
1,Szilvia Bak,,1971,Fortius SE,83.1,-90,90,-105,90,90,F,Masters 1,Single-ply,B
1,Lászlóné Farkas,,1967,Fortius SE,70,105,-112.5,-115,105,105,F,Masters 2,Single-ply,B
1,Lili Szabó,,2000,Marvel,62.7,85,90,95,95,95,F,Juniors,Single-ply,B
2,Mónika Bakó,,1997,RKA Erőm,60.9,67.5,85,-90,85,85,F,Juniors,Single-ply,B
1,Ádám Hocsi,,1990,HerkulesSE,63.6,-120,120,140,140,140,M,Open,Single-ply,B
2,Norbert Békési,,1994,RKA Erőm,65.7,105,112.5,-122.5,112.5,112.5,M,Open,Single-ply,B
3,Zoltán Haga,,2001,Mérk SE,61.9,80,85,87.5,87.5,87.5,M,Open,Single-ply,B
1,Nátán Balog,,2000,Marvel,73.7,150,160,-170,160,160,M,Open,Single-ply,B
2,László Tóth,,1980,Marvel,73.9,-130,130,,130,130,M,Open,Single-ply,B
1,Norbert Csalami,,1987,RKA Erőm,83,200,-210,-220,200,200,M,Open,Single-ply,B
2,Ádám Szívós,,1992,Marvel,82.4,165,-170,172.5,172.5,172.5,M,Open,Single-ply,B
1,Róbert Nemes,,1986,Marvel,91.2,170,225,232.5,232.5,232.5,M,Open,Single-ply,B
2,Szabolcs Könye,,1974,TabiFK,92,165,215,-235,215,215,M,Open,Single-ply,B
1,Gergely Horváth,,1985,Fortius SE,103.3,215,-222.5,-225,215,215,M,Open,Single-ply,B
2,Zsolt Deres,1977-05-05,,TabiFK,99.6,195,-202.5,202.5,202.5,202.5,M,Open,Single-ply,B
3,Dávid Kömíves,,1986,RKA Erőm,104.3,195,-200,200,200,200,M,Open,Single-ply,B
4,József Plásztán,1988-09-04,,Mérk SE,97.2,180,187.5,195,195,195,M,Open,Single-ply,B
5,László Horváth,,1983,VaultHunt,99.7,180,185,190,190,190,M,Open,Single-ply,B
6,Richárd Kelemen,,1975,RKA Erőm,99.6,175,180,-197.5,180,180,M,Open,Single-ply,B
7,Miklós Majnik,,1969,TabiFK,102.3,-165,165,-170,165,165,M,Open,Single-ply,B
1,Tamás Sebestyén,1980-09-03,,Sebi Gym,109.9,-310,-310,310,310,310,M,Open,Single-ply,B
2,Károly Fogas,,1981,TabiFK,118.3,180,190,195,195,195,M,Open,Single-ply,B
1,János Cserna,1968-11-26,,Marvel,121.5,240,245,-255,245,245,M,Open,Single-ply,B
2,Béla Csüllög,1988-08-16,,Marvel,132.6,240,245,-250,245,245,M,Open,Single-ply,B
3,Attila Szegi,,1976,Mérk SE,133.9,177.5,185,192.5,192.5,192.5,M,Open,Single-ply,B
1,Szabolcs Könye,,1974,TabiFK,92,165,215,-235,215,215,M,Masters 1,Single-ply,B
1,Zsolt Deres,1977-05-05,,TabiFK,99.6,195,-202.5,202.5,202.5,202.5,M,Masters 1,Single-ply,B
2,Richárd Kelemen,,1975,RKA Erőm,99.6,175,180,-197.5,180,180,M,Masters 1,Single-ply,B
3,Tibor Zakor,,1979,RKA Erőm,97.4,160,167.5,175,175,175,M,Masters 1,Single-ply,B
1,Attila Szegi,,1976,Mérk SE,133.9,177.5,185,192.5,192.5,192.5,M,Masters 1,Single-ply,B
1,Tibor Haga,1962-04-18,,Mérk SE,89.4,100,105,-110,105,105,M,Masters 2,Single-ply,B
1,Miklós Majnik,,1969,TabiFK,102.3,-165,165,-170,165,165,M,Masters 2,Single-ply,B
2,Sándor Szűcs,,1961,Mérk SE,100.2,90,95,100,100,100,M,Masters 2,Single-ply,B
1,Ferenc Aradi,,1960,Mérk SE,122.2,90,100,110,110,110,M,Masters 2,Single-ply,B
1,Tibor Dikházi,,1951,AVAS TK,81.5,-50,-50,50,50,50,M,Masters 3,Single-ply,B
1,Zoltán Varjú,,1954,AvasPower,110.8,130,-140,-140,130,130,M,Masters 3,Single-ply,B
1,Tibor Horváth,,1955,DeltaSárbo,127.7,140,156,-160,156,156,M,Masters 3,Single-ply,B
1,Zoltán Haga,,2001,Mérk SE,61.9,80,85,87.5,87.5,87.5,M,Juniors,Single-ply,B
1,Nátán Balog,,2000,Marvel,73.7,150,160,-170,160,160,M,Juniors,Single-ply,B
1,Andor Nagy,,2000,TölgyFitn,84.2,165,-170,-170,165,165,M,Juniors,Single-ply,B
2,Márk Békési,,2001,RKA Erőm,91.8,-147.5,147.5,160,160,160,M,Juniors,Single-ply,B
1,Roland Rajos,,2001,Toldi SE,95.9,95,110,-115,110,110,M,Juniors,Single-ply,B
1,Zoltán Haga,,2001,Mérk SE,61.9,80,85,87.5,87.5,87.5,M,Sub-Juniors,Single-ply,B
1,Márk Békési,,2001,RKA Erőm,91.8,-147.5,147.5,160,160,160,M,Sub-Juniors,Single-ply,B
1,Roland Rajos,,2001,Toldi SE,95.9,95,110,-115,110,110,M,Sub-Juniors,Single-ply,B
