Name,Sex,Age,WeightClassKg,BodyweightKg,State,Bench1Kg,Bench2Kg,Bench3Kg,Best3BenchKg,Bench4Kg,Deadlift1Kg,Deadlift2Kg,Deadlift3Kg,Best3DeadliftKg,Deadlift4Kg,TotalKg,Place,Event,Equipment,Division
Derek Bevins,M,33,67.5,62.6,VIC,107.5,112.5,117.5,117.5,,195,205,,205,,322.5,1,BD,Raw,MO-R
Ian Webb,M,30,125,120.6,VIC,150,160,170,170,180,260,275,,275,,445,2,BD,Raw,MO-R
Milad Dagher,M,29,90,87.3,VIC,-140,140,152.5,152.5,155,230,-240,-240,230,,382.5,3,BD,Raw,MO-R
Gerard Gaud,M,40,82.5,76.9,VIC,100,110,-120,110,-120,235,-245,,235,,345,4,BD,Raw,MO-R
Wim Van Weenen,M,73,100,93.9,VIC,100,105,107.5,107.5,-110,200,210,-215,210,,317.5,5,BD,Raw,MO-R
Maria Barba,F,40,67.5,67.2,VIC,65,72.5,-75,72.5,75,65,75,85,85,90,157.5,1,BD,Raw,FO-R
