Name,Sex,Equipment,Event,Age,Division,BodyweightKg,WeightClassKg,Squat1Kg,Squat2Kg,Squat3Kg,Squat4Kg,Best3SquatKg,Bench1Kg,Bench2Kg,Bench3Kg,Bench4Kg,Best3BenchKg,Deadlift1Kg,Deadlift2Kg,Deadlift3Kg,Best3DeadliftKg,TotalKg,Place
Caoimhe Bolton,F,Wraps,SBD,,FO,51.6,52,,,,,90,,,,,57.5,,,,120,267.5,1
Karen McKerrin,F,Wraps,SBD,,FO,57.5,60,,,,,112.5,,,,,62.5,,,,115,290,1
Sharon Kennedy,F,Wraps,SBD,,FO,58.1,60,,,,,75,,,,,45,,,,107.5,227.5,2
Grace McPartlan,F,Wraps,SBD,,FO,63.9,67.5,,,,,107.5,,,,,55,,,,130,292.5,1
Jill Gracey,F,Wraps,SBD,,FO,65.1,67.5,,,,,95,,,,,45,,,,120,260,2
Noeleen Gregory,F,Wraps,SBD,,FO,66.5,67.5,,,,,97.5,,,,,57.5,,,,100,255,3
Carmel Ramsay,F,Wraps,SBD,,FO,64.3,67.5,,,,,85,,,,,47.5,,,,107.5,240,4
Ashleigh Coyne,F,Wraps,SBD,,FO,75,75,,,,,95,,,,,42.5,,,,142.5,280,1
Susan Ludden,F,Wraps,SBD,,FO,69.5,75,,,,,85,,,,,47.5,,,,120,252.5,2
Olivia Donnelly,F,Wraps,SBD,,FO,76.5,82.5,,,,,100,,,,,50,,,,137.5,287.5,1
Sue Vaughey,F,Wraps,SBD,,FO,84.2,90,,,,,90,,,,,50,,,,117.5,257.5,1
Jack Sheedy,M,Wraps,SBD,,MO,73.8,75,,,,,135,,,,,75,,,,170,380,1
Emmet Duggan,M,Wraps,SBD,,,68.7,75,,,,,130,,,,,80,,,,,,DQ
Colm Seery,M,Wraps,SBD,,,69,75,,,,,,,,,,97.5,,,,170,,DQ
Devidas Kulvietis,M,Wraps,SBD,,MO,76.2,82.5,,,,,155,,,,,100,,,,190,445,1
Ronan Gray,M,Wraps,SBD,,MO,79.1,82.5,,,,,160,,,,,107.5,,,,170,437.5,2
Cian Cunningam,M,Wraps,SBD,,MO,77.8,82.5,,,,,130,,,,,97.5,,,,170,397.5,3
Tony Deeney,M,Wraps,SBD,,,77.6,82.5,,,,,180,,,,,,,,,235,,DQ
Marc Galligan,M,Wraps,SBD,,MO,88.3,90,,,,,265,,,,,145,,,,262.5,672.5,1
Patrick Flynn #1,M,Wraps,SBD,,MO,89.6,90,,,,,185,,,,,130,,,,212.5,527.5,2
Dylan Singleton,M,Wraps,SBD,,MO,86.2,90,,,,,180,,,,,120,,,,205,505,3
Seamus Casey,M,Wraps,SBD,,MO,89.2,90,,,,,160,,,,,100,,,,215,475,4
James Black,M,Wraps,SBD,,MO,89.1,90,,,,,172.5,,,,,112.5,,,,175,460,5
Regimantes Kelkiuskas,M,Wraps,SBD,,MO,98.9,100,,,,,210,,,,,130,,,,235,575,1
Eamon Duffy,M,Wraps,SBD,,MO,105.2,110,,,,,197.5,,,,,125,,,,200,522.5,1
Aaron Hayes,M,Wraps,SBD,,MO,137.3,140,,,,,245,,,,,120,,,,235,600,1
Luke McCann,M,Multi-ply,SBD,,MOE,74.6,75,,,,,220,,,,,147.5,,,,220,587.5,1
Virgis Zvinklys,M,Multi-ply,SBD,,MOE,107.9,110,,,,,300,,,,,257.5,,,,265,822.5,1
Chris Treanor,M,Multi-ply,SBD,,MOE,105.9,110,,,,,200,,,,,150,,,,220,570,2
Róisín Bourke,F,Raw,B,26,FO,47.3,48,,,,,,37.5,40,42.5,45,42.5,,,,,42.5,1
Lianne Mathers,F,Raw,B,29,FN,55.2,56,,,,,,50,-57.5,-57.5,,50,,,,,50,1
Martina McGettigan,F,Raw,B,41,FM-1,58.5,60,,,,,,42.5,45,47.5,,47.5,,,,,47.5,1
Karla Harkin,F,Raw,B,25,FN,57.8,60,,,,,,42.5,47.5,50,-55.5,50,,,,,50,1
Tirzah Carey,F,Raw,B,32,FN,59.5,60,,,,,,45,-50,50,,50,,,,,50,2
Susan O'Doherty,F,Raw,B,47,FM-2,66.4,67.5,,,,,,35,40,45,-47.5,45,,,,,45,1
Carrie Phelan,F,Raw,B,13,FT-1,66.9,67.5,,,,,,22.5,25,-30,,25,,,,,25,1
Joanne Connolly,F,Raw,B,28,FN,70.3,75,,,,,,42.5,-47.5,47.5,,47.5,,,,,47.5,1
Eibhlin Cassidy,F,Raw,B,26,FN,68,75,,,,,,30,-35,35,,35,,,,,35,2
Linda Scully,F,Raw,B,36,FO,73.1,75,,,,,,-72.5,77.5,80,-82,80,,,,,80,1
Leona Connelly,F,Raw,B,31,FO,70.4,75,,,,,,37.5,40,45,,45,,,,,45,2
Laura Gray,F,Raw,B,30,FN,78.8,82.5,,,,,,45,50,-55,,50,,,,,50,1
Jenny O'Brien,F,Raw,B,42,FO,78.2,82.5,,,,,,72.5,76,80,-82.5,80,,,,,80,1
Niamh Herrity,F,Raw,B,32,FO,89.8,90,,,,,,60,62.5,-67.5,,62.5,,,,,62.5,1
Miranda Connolly,F,Raw,B,42,FM-1,113.7,90+,,,,,,82.5,85,87.5,-90,87.5,,,,,87.5,1
Patrick Hayes,M,Raw,B,20,M-J,67.1,67.5,,,,,,75,-85,-85,,75,,,,,75,1
Ben Walsh,M,Raw,B,20,M-J,73,75,,,,,,110,115,-122.5,,115,,,,,115,1
Gerrard Gray,M,Raw,B,35,MN,74.6,75,,,,,,85,95,-102.5,,95,,,,,95,1
Neil Walsh,M,Raw,B,20,MN,80.8,82.5,,,,,,105,-115,-115,,105,,,,,105,1
Pat McNamara,M,Raw,B,35,MO,81.9,82.5,,,,,,160,167.5,-172.5,,167.5,,,,,167.5,1
Niall O'Keeffe,M,Raw,B,38,MO,80.8,82.5,,,,,,145,152.5,-160,,152.5,,,,,152.5,2
Ian Reilly,M,Raw,B,27,MO,82.4,82.5,,,,,,135,140,145,,145,,,,,145,3
Shane Corbett,M,Raw,B,17,MT-2,80.4,82.5,,,,,,110,120,122.5,-125,122.5,,,,,122.5,1
Jude Bedford,M,Raw,B,43,M-1,87.8,90,,,,,,137.5,-147.5,-147.5,,137.5,,,,,137.5,1
Patrick Gormley,M,Raw,B,60,M-5,89.1,90,,,,,,110,120,127.5,,127.5,,,,,127.5,1
Terry Flood,M,Raw,B,71,M-7,84.5,90,,,,,,100,110,120,,120,,,,,120,1
Andrew Simpson,M,Raw,B,20,M-J,87.9,90,,,,,,115,122.5,127.5,,127.5,,,,,127.5,1
Glen Myles,M,Raw,B,16,MT-2,87,90,,,,,,75,85,90,,90,,,,,90,1
James Grimes,M,Raw,B,26,MN,98.3,100,,,,,,130,140,-155,,140,,,,,140,1
Mark Linehan,M,Raw,B,30,MO,95.4,100,,,,,,160,170,180,,180,,,,,180,1
Colin Reilly,M,Raw,B,30,MO,96.8,100,,,,,,145,152.5,160,,160,,,,,160,2
Connor Brett,M,Raw,B,19,MT-2,92.9,100,,,,,,105,112.5,-115,,112.5,,,,,112.5,1
Tommy Caulfield,M,Raw,B,41,M-1,103.3,110,,,,,,170,-183,-183,,170,,,,,170,1
Killian Carolan,M,Raw,B,20,M-J,100.4,110,,,,,,145,157.5,162.5,,162.5,,,,,162.5,1
Ray Kearney,M,Raw,B,30,MN,106.7,110,,,,,,160,170,-180,,170,,,,,170,1
Paul Lock,M,Raw,B,31,MN,101.8,110,,,,,,90,105,-115,,105,,,,,105,2
Barry McShane,M,Raw,B,35,MO,108.8,110,,,,,,160,172.5,182.5,,182.5,,,,,182.5,1
Ian Phelan,M,Raw,B,39,MO,102,110,,,,,,135,145,-155,,145,,,,,145,2
Mike Gibson #2,M,Multi-ply,B,27,MOM,108,110,,,,,,-275,-300,300,,300,,,,,300,1
John Quinn,M,Multi-ply,B,29,MOM,107.2,110,,,,,,110,120,130,,130,,,,,130,2
Anthony Finn #2,M,Multi-ply,B,27,MOS,102.2,110,,,,,,-135,135,-140,,135,,,,,135,1
Oskars Zvarts,M,Multi-ply,B,36,MOS,134.6,140,,,,,,210,235,240,,240,,,,,240,1
Jude Bedford,M,Multi-ply,B,43,MM-1M,87.8,90,,,,,,160,165,175,,175,,,,,175,1
Dean Gartland,M,Multi-ply,B,28,MOM,82.5,82.5,,,,,,-181,181,-200,,181,,,,,181,1
Billy Hutchinson,M,Multi-ply,B,26,MOS,80.4,82.5,,,,,,140,-150,150,,150,,,,,150,1
Andy Chapman,M,Multi-ply,B,34,MOS,66.8,67.5,,,,,,120,130,-140,,130,,,,,130,1
Danielle McKinney,F,Multi-ply,B,37,FOS,55.8,56,,,,,,50,55,-60,,55,,,,,55,1
Hazel Hu,F,Wraps,SBD,,FO,50.4,52,115,120,127.5,,127.5,60,65,-70,,65,127.5,135,-140,135,327.5,1
Linh Duy Nguyen,F,Wraps,SBD,,FO,61.8,67.5,-130,-130,130,,130,60,-65,-65,,60,125,130,135,135,325,2
Emma Rogan,F,Wraps,SBD,,FO,54.3,56,-100,100,-115,,100,55,60,-62.5,,60,130,-140,-140,130,290,3
Evie Callow,F,Wraps,SBD,,FO,110.2,,140,155,160,,160,65,75,-80,,75,160,180,187.5,187.5,422.5,4
Vanessa Vanderveen,F,Wraps,SBD,,FO,74.9,75,120,125,132.5,,132.5,-70,70,75,,75,132.5,140,-150,140,347.5,5
Naomi Smith #1,F,Wraps,SBD,,FO,65.5,67.5,-100,100,110,,110,-57.5,60,-65,,60,105,112.5,115,115,285,6
Witold Wolnowski,M,Wraps,SBD,,MO,122.3,125,300,330,365,,365,210,230,-237.5,,230,320,-350,-350,320,915,1
Erik Jesipovicus,M,Wraps,SBD,,MO,108.5,110,260,280,-300,,280,180,195,-202.5,,195,280,295,-302.5,295,770,2
Eamonn Harford,M,Wraps,SBD,,MO,130,140,240,260,275,,275,162.5,172.5,-182.5,,172.5,305,327.5,340,340,787.5,3
Darran Kennedy,M,Wraps,SBD,,MO,135.7,140,280,300,-320,,300,160,170,180,,180,270,290,-300,290,770,4
Kestutis Augylius,M,Wraps,SBD,,MO,106.5,110,280,300,315,,315,180,-200,205,,205,200,,,200,720,5
Thomas White,M,Wraps,SBD,,MO,91.7,100,200,210,220,,220,-135,140,150,,150,290,,,290,660,6
Kieran Hegarty,M,Wraps,SBD,,MO,100.8,110,230,-245,252.5,,252.5,135,-145,145,,145,225,235,-242.5,235,632.5,7
Keith Kierans,M,Wraps,SBD,,MO,134.3,140,260,,,,260,145,155,-160,,155,100,,,100,515,8
Ben Loughrey,M,Multi-ply,SBD,,MOE,121.8,125,425,440,,,440,330,-352.5,352.5,,352.5,340,360,-370,360,1152.5,1
Curtis Arnold,M,Multi-ply,SBD,,MOE,94.4,100,370,-405,-410,,370,290,320,-332.5,,320,-280,300,,300,990,2
Seán Hoey,M,Multi-ply,SBD,,MOE,99.6,100,370,390,,,390,200,210,,,210,310,325,-335,325,925,3
Adam Pickles,M,Multi-ply,SBD,,MOE,110,110,365,-392.5,-392.5,,365,250,265,272.5,,272.5,280,312.5,,312.5,950,4
Alan McMahon,M,Multi-ply,SBD,,MOE,99.5,100,-345,355,-375,,355,255,-272.5,-272.5,,255,-270,270,285,285,895,5
Andy Cusick,M,Multi-ply,SBD,,MOE,89.9,90,300,320,-340,,320,160,180,-190,,180,290,-310,,290,790,6
Bob Kiely,M,Multi-ply,SBD,,MOE,133.5,140,380,-410,-410,,380,-235,235,250,,250,245,265,-275,265,895,7
Jack Chambers,M,Multi-ply,SBD,,MOE,95.2,100,-340,-365,-380,,,-240,250,-262.5,,250,290,-310,-310,290,,DQ
Ruairi McCann,M,Multi-ply,SBD,,MOE,69.1,75,-280,-295,-295,,,,,,,,,,,,,DQ
