Name,Age,Division,Sex,Event,Equipment,BodyweightKg,WeightClassKg,Squat1Kg,Squat2Kg,Squat3Kg,Best3SquatKg,Bench1Kg,Bench2Kg,Bench3Kg,Best3BenchKg,Deadlift1Kg,Deadlift2Kg,Deadlift3Kg,Best3DeadliftKg,TotalKg,Place
Renae West,13,FO-R,F,SBD,Raw,67.5,67.5,80,90,100,100,-50,50,-57.5,50,100,110,117.5,117.5,267.5,2
Noosha Haslam,36,FO-RP,F,SBD,Wraps,68.5,75,115,-122.5,122.5,122.5,65,70,-75,70,115,125,130,130,322.5,1
Francisco Dullona,42,MM1-RP,M,SBD,Wraps,60,60,-147.5,150,155,155,102.5,-107.5,-107.5,102.5,180,185,-190,185,442.5,3
Ronald Sanderson,60,MM5-SP,M,SBD,Single-ply,78.5,82.5,150,160,165,165,70,80,87.5,87.5,200,215,220,220,472.5,1
Braydon Cadd,21,MJ-R,M,SBD,Raw,92.5,100,165,172.5,-180,172.5,112.5,120,125,125,215,-222.5,-222.5,215,512.5,5
Gary Jones #1,50,MM3-R,M,SBD,Raw,101,110,50,105,130,130,140,-150,-150,140,210,220,227.5,227.5,497.5,4
Scott Nelson,21,MJ-RP,M,SBD,Wraps,71.4,75,205,215,-225,215,120,130,135,135,220,230,-240,230,580,1
Mark Edmonds,43,MM1-R,M,SBD,Raw,113.9,125,230,240,250,250,130,140,155,155,240,255,270,270,675,2
