Name,State,Age,WeightClassKg,Best3SquatKg,Best3BenchKg,Best3DeadliftKg,TotalKg,Event,Equipment,Sex,Division,Place
Suzanne Jackson,NT,53,67.5,95,57.5,100,252.5,SBD,Multi-ply,F,FO-MP,2
Amanda Miller,NT,38,67.5,110,60,127.5,297.5,SBD,Multi-ply,F,FO-MP,1
Michael Trentin,QLD,19,67.5,151,95.5,180.5,427,SBD,Multi-ply,M,MO-MP,1
Cecelia Titus,NT,43,82.5,110,80,170,360,SBD,Multi-ply,F,FO-MP,1
Ken Smith,NT,48,90,150,105,185,440,SBD,Multi-ply,M,MO-MP,1
Terrence Titus,NT,48,110,250,160,300,710,SBD,Multi-ply,M,MO-MP,1
Dean Cowan,QLD,30,140+,325,245,325,895,SBD,Multi-ply,M,MO-MP,1
Mark Simpson,NT,26,110,260,155,260,675,SBD,Multi-ply,M,MO-MP,2
