Name,BirthDate,Age,Sex,Division,BodyweightKg,WeightClassKg,Bench1Kg,Bench2Kg,Bench3Kg,Bench4Kg,Best3BenchKg,TotalKg,Place,Event,Equipment
Tania Winwood,,48,F,FO-R,51.6,52,42.5,45,47.5,-50,47.5,47.5,4,B,Raw
Kane Llyod,,13,M,MO-R,78.8,82.5,55,60,-62.5,,60,60,5,B,Raw
Kit Henderson,,38,F,FO-R,80.2,82.5,65,70,-75,,70,70,3,B,Raw
Alexis Hayto,,38,F,FO-R,75,75,75,-80,-82.5,,75,75,2,B,Raw
Jessica Day,,34,F,FO-R,74.4,75,110,115,-117.5,,115,115,1,B,Raw
Tim Burch,,31,M,MO-R,100.7,110,130,-140,-140,,130,130,4,B,Raw
Miles Guy,,56,M,MO-R,98.4,100,160,170,-175,,170,170,3,B,Raw
Kyle Love,,30,M,MO-R,109.8,110,212.5,220,-227.5,,220,220,2,B,Raw
Kevin Llyod,,35,M,MO-R,109.4,110,225,230,-232.5,,230,230,1,B,Raw
