Name,Age,Sex,Division,BodyweightKg,WeightClassKg,Squat1Kg,Squat2Kg,Squat3Kg,Best3SquatKg,Bench1Kg,Bench2Kg,Bench3Kg,Best3BenchKg,Deadlift1Kg,Deadlift2Kg,Deadlift3Kg,Best3DeadliftKg,Deadlift4Kg,TotalKg,Place,Equipment,Tested,Event
Maria McShane,31,F,F-OR-AIPO,56,56,,,,,,,,,130,140,150,150,155,150,1,Raw,Yes,D
Angeline Collins Diver,59,F,F-M4-R-AIPO,60.8,67.5,,,,,,,,,85,95,-100,95,,95,1,Raw,Yes,D
Emma Ryall,36,F,F-OR-AIPO,79.5,82.5,,,,,,,,,130,-142.5,142.5,142.5,,142.5,1,Raw,Yes,D
Luke McHale,19,M,M-T3-R-AIPO,80.4,82.5,,,,,,,,,155,165,172.5,172.5,,172.5,1,Raw,Yes,D
Mark Pepper,33,M,M-O-R-AIPO,80.1,82.5,,,,,,,,,180,195,210,210,,210,1,Raw,Yes,D
Barry Smith #1,32,M,M-O-SP-AIPO,59.6,60,,,,,,,,,200,212.5,215,215,,215,1,Single-ply,Yes,D
Kieran McNulty,30,M,M-O-R-AIPO,89.4,90,,,,,,,,,220,230,-240,230,,230,1,Raw,Yes,D
Robert Kelly,38,M,M-O-R-AIPO,122.8,125,,,,,,,,,260,272.5,-290,272.5,,272.5,1,Raw,Yes,D
Kenneth Taaffe,45,M,M-M2-SP-AIPO,89.15,90,,,,,,,,,275,-300,-300,275,,275,1,Single-ply,Yes,D
Shane O'Connell,32,M,M-O-R-AIPO,98.5,100,,,,,,,,,255,265,,265,,265,2,Raw,Yes,D
Shane Nugent,29,M,M-O-R-AIPO,98.35,100,,,,,,,,,250,280,,280,,280,1,Raw,Yes,D
Andre Du Plessis,54,M,M-M3-SP-AIPO,156.65,140+,,,,,,,,,,,,,,,DQ,Single-ply,Yes,D
Emma Ryall,36,F,F-OR-AIPO,79.5,82.5,,,,,60,65,-67.5,65,,,,,,65,1,Raw,Yes,B
Luke McHale,19,M,M-T3-R-AIPO,80.4,82.5,,,,,65,-70,-70,65,,,,,,65,1,Raw,Yes,B
Gerry Cronnelly Sr,83,M,M-M9-R-AIPO,97.3,100,,,,,72.5,77.5,-80,77.5,,,,,,77.5,1,Raw,Yes,B
Stephen Rigley,42,M,M-M1-R-AIPO,79.8,82.5,,,,,125,130,-135,130,,,,,,130,1,Raw,Yes,B
Tommy Collins,38,M,M-O-R-AIPO,96.55,100,,,,,135,-145,-145,135,,,,,,135,2,Raw,Yes,B
Robert Kelly,38,M,M-O-R-AIPO,122.8,125,,,,,130,140,-152.5,140,,,,,,140,1,Raw,Yes,B
Stephen Rigley,42,M,M-M1-SP-AIPO,79.8,82.5,,,,,150,-155,155,155,,,,,,155,1,Single-ply,Yes,B
Shane O'Connell,32,M,M-O-R-AIPO,98.5,100,,,,,172.5,180,-182.5,180,,,,,,180,1,Raw,Yes,B
Davoren Leung,28,M,M-O-R-AIPO,148.35,140+,,,,,190,202.5,-212.5,202.5,,,,,,202.5,1,Raw,Yes,B
James O'Connell,40,M,M-O-R-AIPO,131.25,140,,,,,215,225,230,230,,,,,,230,1,Raw,Yes,B
Andre Du Plessis,54,M,M-M3-SP-AIPO,156.65,140+,,,,,202.5,210,,210,,,,,,210,1,Single-ply,Yes,B
Elaine Corbett,36,F,F-OR-AIPO,46.5,48,80,90,95,95,42.5,47.5,-50,47.5,110,115,-122.5,115,,257.5,1,Raw,Yes,SBD
Cliodhna McAteer,26,F,F-OR-AIPO,65.6,67.5,92.5,102.5,105,105,62.5,-67.5,-67.5,62.5,120,130,-137.5,130,,297.5,2,Raw,Yes,SBD
Sandra Evans,34,F,F-OR-AIPO,59.65,60,92.5,100,105,105,52.5,55,57.5,57.5,125,-130,130,130,,292.5,1,Raw,Yes,SBD
Vera Klauke,22,F,F-J-R-AIPO,71.7,75,97.5,102.5,-107.5,102.5,57.5,60,62.5,62.5,125,135,145,145,,310,1,Raw,Yes,SBD
Sarah Whelan,27,F,F-OR-AIPO,61,67.5,-110,110,120,120,60,65,70,70,130,140,150,150,,340,1,Raw,Yes,SBD
Joleen Bradley,38,F,F-OR-AIPO,68.2,75,110,117.5,-122.5,117.5,50,55,57.5,57.5,130,155,,155,,330,1,Raw,Yes,SBD
Rachel Kane,17,F,F-T2-R-AIPO,67.5,67.5,117.5,125,127.5,127.5,62.5,65,-67.5,65,135,142.5,150,150,,342.5,1,Raw,Yes,SBD
Sarah Skehan,31,F,F-OR-AIPO,112.5,90+,132.5,-142.5,145,145,67.5,-70,-70,67.5,145,155,162.5,162.5,,375,1,Raw,Yes,SBD
Edyta Piechowicz,33,F,F-O-SP-AIPO,62.7,67.5,130,140,,140,70,-80,80,80,150,160,170,170,,390,1,Single-ply,Yes,SBD
Nicola Crawley,40,F,F-M1-R-AIPO,139.25,90+,135,145,155,155,70,75,-80,75,155,165,-172.5,165,,395,1,Raw,Yes,SBD
Aaron Ryan,16,M,M-T2-R-AIPO,91.4,100,-140,140,-145,140,100,105,107.5,107.5,140,145,150,150,,397.5,1,Raw,Yes,SBD
Adam Murray,18,M,M-T3-R-AIPO,81,82.5,115,120,125,125,-75,75,80,80,145,155,165,165,,370,1,Raw,Yes,SBD
Jordon Holland,18,M,M-T3-R-AIPO,73.45,75,170,180,190,190,87.5,95,97.5,97.5,160,170,180,180,,467.5,1,Raw,Yes,SBD
Karl Brough,18,M,M-T3-R-AIPO,67,67.5,140,150,-155,150,90,95,-100,95,160,172.5,180,180,,425,1,Raw,Yes,SBD
Stephen Cahill,26,M,M-O-R-AIPO,59.55,60,127.5,135,140,140,82.5,-85,-85,82.5,165,172.5,-180,172.5,,395,1,Raw,Yes,SBD
Adam McDonagh,17,M,M-T2-R-AIPO,83.7,90,130,140,-145,140,80,85,90,90,185,190,200,200,,430,1,Raw,Yes,SBD
Raymond Williams,27,M,M-O-R-AIPO,81.55,82.5,170,177.5,-185,177.5,95,-102.5,-102.5,95,200,210,-215,210,,482.5,1,Raw,Yes,SBD
Mateusz Pestka,17,M,M-T2-R-AIPO,108.5,110,140,170,-180,170,100,-105,-105,100,205,215,-225,215,,485,1,Raw,Yes,SBD
Dylan Christian Hughes,18,M,M-T3-R-AIPO,96.2,100,170,-182.5,-190,170,100,105,-110,105,210,222.5,230,230,,505,1,Raw,Yes,SBD
Elijah Faleti,21,M,M-J-R-AIPO,79.7,82.5,-180,187.5,197.5,197.5,90,102.5,-107.5,102.5,230,250,255,255,,555,2,Raw,Yes,SBD
Conor Nolan,20,M,M-J-R-AIPO,80.6,82.5,185,195,202.5,202.5,135,145,-152.5,145,230,252.5,,252.5,,600,1,Raw,Yes,SBD
Paul Madden,46,M,M-M2-R-AIPO,82.5,82.5,170,-182.5,-190,170,120,125,130,130,240,252.5,-257.5,252.5,,552.5,1,Raw,Yes,SBD
Andrew Cox,19,M,M-T3-R-AIPO,88,90,175,190,205,205,125,135,140,140,240,255,-265,255,,600,1,Raw,Yes,SBD
Ben Turner,26,M,M-O-R-AIPO,106.3,110,210,220,,220,155,-160,-160,155,260,272.5,280,280,,655,1,Raw,Yes,SBD
Liam Kimball,21,M,M-J-CR-AIPO,71.35,75,150,160,170,170,97.5,107.5,-115,107.5,150,160,170,170,,447.5,2,Wraps,Yes,SBD
Barry Smith #1,32,M,M-O-CR-AIPO,59.6,60,155,170,185,185,95,102.5,-107.5,102.5,160,180,197.5,197.5,,485,1,Wraps,Yes,SBD
Ian Howley,28,M,M-O-CR-AIPO,74.1,75,182.5,192.5,202.5,202.5,110,115,-117.5,115,190,-205,-205,190,,507.5,1,Wraps,Yes,SBD
Kieran Riley,18,M,M-T3-CR-AIPO,87.6,90,-155,-155,-155,,-80,80,-87.5,80,180,200,-210,200,,,DQ,Wraps,Yes,SBD
Tristan McDonagh,22,M,M-J-CR-AIPO,73.6,75,182.5,192.5,202.5,202.5,115,120,130,130,192.5,202.5,215,215,,547.5,1,Wraps,Yes,SBD
Dave Fitzpatrick,31,M,M-O-CR-AIPO,84.2,90,217.5,227.5,235,235,125,135,140,140,225,235,242.5,242.5,,617.5,1,Wraps,Yes,SBD
Rhys Manning,21,M,M-J-CR-AIPO,88.85,90,195,205,215,215,120,127.5,-130,127.5,230,250,-262.5,250,,592.5,1,Wraps,Yes,SBD
Germain Mogilevski,19,M,M-T3-CR-AIPO,97.55,100,-190,-210,210,210,120,-130,-130,120,230,250,-262.5,250,,580,1,Wraps,Yes,SBD
Chris Davidson,35,M,M-O-CR-AIPO,121.9,125,232.5,245,250,250,135,145,-150,145,262.5,275,280,280,,675,1,Wraps,Yes,SBD
Andre Du Plessis,54,M,M-M3-CR-AIPO,156.65,140+,260,280,290,290,162.5,172.5,,172.5,270,-290,-290,270,,732.5,1,Wraps,Yes,SBD
