Name,Age,Equipment,Sex,Division,BodyweightKg,WeightClassKg,Bench1Kg,Bench2Kg,Bench3Kg,Best3BenchKg,Bench4Kg,Deadlift1Kg,Deadlift2Kg,Deadlift3Kg,Best3DeadliftKg,Deadlift4Kg,TotalKg,Place,Tested,Event
Sophia Pauzin,25,Raw,F,FO,58.3,60,40,-45,45,45,-47.5,,,,,,45,1,Yes,B
Eva Lomasney,32,Raw,F,FO,60,60,37.5,40,-47.5,40,,,,,,,40,2,Yes,B
Tara Maguire,31,Raw,F,FO,63.9,67.5,35,37.5,42.5,42.5,,,,,,,42.5,1,Yes,B
Noeleen Gregory,51,Raw,F,FM-3,66.4,67.5,-60,60,62.5,62.5,-65,,,,,,62.5,1,Yes,B
Carmel Ramsay,48,Raw,F,FM-2,71.5,75,45,50,-52.5,50,,,,,,,50,1,Yes,B
Karen O'Brien,43,Raw,F,FM-1,59.6,60,35,-40,40,40,,,,,,,40,1,Yes,B
Sandra Hammersley,41,Raw,F,FM-1,62.9,67.5,50,55,-60,55,,,,,,,55,1,Yes,B
Olivia Donnelly,43,Raw,F,FM-1,74.8,75,50,55,-57.5,55,,,,,,,55,1,Yes,B
Emma Keyes,20,Raw,F,F-J,63.4,67.5,30,35,37.5,37.5,,,,,,,37.5,1,Yes,B
Maria King,48,Raw,F,FM-2,119.3,,45,50,-55,50,,,,,,,50,1,Yes,B
Orla Campbell,34,Raw,F,FO,102.7,,50,57.5,-62.5,57.5,,,,,,,57.5,1,Yes,B
Ian Howley,25,Raw,M,MO,69.9,75,95,102.5,107.5,107.5,,,,,,,107.5,1,Yes,B
Thomas McCague,36,Raw,M,MO,77.9,82.5,125,127.5,135,135,140,,,,,,135,1,Yes,B
Sean Ross,24,Raw,M,MO,89.3,90,-130,132.5,140,140,145,,,,,,140,1,Yes,B
Sean Armstrong,28,Raw,M,MO,99.5,100,105,112.5,120,120,,,,,,,120,1,Yes,B
James Hickey,39,Raw,M,MO,124.7,125,190,200,210,210,,,,,,,210,1,Yes,B
Gary Fergus,20,Raw,M,M-J,80.1,82.5,-90,90,-100,90,,,,,,,90,1,Yes,B
Rhys Manning,19,Raw,M,MT-3,88.4,90,110,115,122.5,122.5,,,,,,,122.5,1,Yes,B
Coman Ryan,18,Raw,M,MT-3,95.4,100,-95,-100,100,100,,,,,,,100,1,Yes,B
Jason Brodie Lynch,16,Single-ply,M,MT-2,82.1,82.5,85,90,92.5,92.5,,,,,,,92.5,1,Yes,B
Sophia Pauzin,25,Raw,F,FO,58.3,60,,,,,,100,110,-112.5,110,,110,1,Yes,D
Eva Lomasney,32,Raw,F,FO,60,60,,,,,,80,90,95,95,,95,2,Yes,D
Tara Maguire,31,Raw,F,FO,63.9,67.5,,,,,,80,90,100,100,110,100,1,Yes,D
Laura O'Shea,33,Raw,F,FO,78.3,82.5,,,,,,140,147.5,152.5,152.5,,152.5,1,Yes,D
Noeleen Gregory,51,Raw,F,FM-3,66.4,67.5,,,,,,100,107.5,-112.5,107.5,,107.5,1,Yes,D
Carmel Ramsay,48,Raw,F,FM-2,71.5,75,,,,,,110,117.5,-125,117.5,,117.5,1,Yes,D
Karen O'Brien,43,Raw,F,FM-1,59.6,60,,,,,,70,75,80,80,,80,1,Yes,D
Sandra Hammersley,41,Raw,F,FM-1,62.9,67.5,,,,,,130,140,150,150,152.5,150,1,Yes,D
Olivia Donnelly,43,Raw,F,FM-1,74.8,75,,,,,,145,152.5,-160,152.5,,152.5,1,Yes,D
Emma Keyes,20,Raw,F,F-J,63.4,67.5,,,,,,80,90,95,95,100,95,1,Yes,D
Maria King,48,Raw,F,FM-2,119.3,,,,,,,95,102.5,110,110,,110,1,Yes,D
Orla Campbell,34,Raw,F,FO,102.7,,,,,,,120,135,-142.5,135,,135,1,Yes,D
Ian Howley,25,Raw,M,MO,69.9,75,,,,,,185,200,-210,200,,200,1,Yes,D
Paddy Jennings,31,Raw,M,MO,82.5,82.5,,,,,,210,220,235,235,-240,235,1,Yes,D
Sean Ross,24,Raw,M,MO,89.3,90,,,,,,210,220,-235,220,,220,1,Yes,D
Austin Hickey,36,Single-ply,M,MO,99.8,100,,,,,,240,260,280,280,,280,1,Yes,D
Austin Hickey,36,Raw,M,MO,99.8,100,,,,,,230,250,270,270,,270,2,Yes,D
Sean Armstrong,28,Raw,M,MO,99.5,100,,,,,,170,195,-200,195,,195,3,Yes,D
James Hickey,39,Single-ply,M,MO,124.7,125,,,,,,320,360,-385,360,,360,1,Yes,D
Seán Cregan,51,Raw,M,M-3,74.8,75,,,,,,190,200,-210,200,,200,1,Yes,D
Kenneth Taaffe,42,Single-ply,M,M-1,88.7,90,,,,,,255,282.5,-290,282.5,,282.5,1,Yes,D
Luke O'Brien,19,Single-ply,M,MT-3,77.5,82.5,,,,,,180,195,-202.5,195,,195,1,Yes,D
Rhys Manning,19,Raw,M,MT-3,88.4,90,,,,,,210,225,237.5,237.5,-240,237.5,1,Yes,D
Jason Brodie Lynch,16,Single-ply,M,MT-2,82.1,82.5,,,,,,150,160,170,170,175,170,1,Yes,D
Coman Ryan,18,Raw,M,MT-2,95.4,100,,,,,,150,170,-190,170,,170,1,Yes,D
Laura Vogelslang,26,Raw,F,FO,67.3,67.5,65,70,75,75,-81,,,,,,75,1,No,B
Joanne Connolly,29,Multi-ply,F,FO,81.1,82.5,-90,90,95,95,,,,,,,95,1,No,B
Elizabeth Gibney,38,Raw,F,FO,76.3,82.5,50,55,57.5,57.5,,,,,,,57.5,2,No,B
Sinead Murtagh,23,Raw,F,F-J,58.7,60,37.5,42.5,45,45,,,,,,,45,1,No,B
Alice Darcy,23,Raw,F,F-J,58.8,60,35,37.5,40,40,,,,,,,40,2,No,B
Deanna Hughes,23,Raw,F,F-J,74.9,75,105,-110,110,110,-115,,,,,,110,1,No,B
Shane Cahill #1,32,Raw,M,MO,63.4,67.5,85,90,95,95,,,,,,,95,1,No,B
Rainer Altmäe,29,Multi-ply,M,MO,75,75,200,210,217.5,217.5,220,,,,,,217.5,1,No,B
Tom Mannion,36,Raw,M,MO,81.7,82.5,135,140,145,145,,,,,,,145,1,No,B
Ben Walsh,27,Raw,M,MO,75.5,82.5,130,-135,-135,130,,,,,,,130,2,No,B
Carlos Pérez #1,32,Single-ply,M,MO,94,100,180,190,195,195,,,,,,,195,1,No,B
Padraig Foley,30,Raw,M,MO,91.5,100,160,172.5,-175,172.5,,,,,,,172.5,2,No,B
Andrzej Gron,57,Raw,M,M-4,83.3,90,135,140,145,145,148,,,,,,145,1,No,B
Bosco Reid,56,Single-ply,M,M-4,88,90,92.5,100,-105,100,,,,,,,100,2,No,B
Francis Kirby,43,Raw,M,M-1,123.4,125,200,212.5,-230,212.5,,,,,,,212.5,1,No,B
Nick Sazenski,23,Raw,M,M-J,85.1,90,110,115,122.5,122.5,,,,,,,122.5,1,No,B
Ian Benson,28,Raw,M,M-J,92.2,100,120,125,130,130,,,,,,,130,1,No,B
Killian Carolan,21,Raw,M,M-J,109.9,110,185,195,200,200,,,,,,,200,1,No,B
Leslie Steele,39,Single-ply,M,MO,150.7,,225,235,-245,235,,,,,,,235,1,No,B
Sinead Murtagh,23,Raw,F,F-J,58.7,60,,,,,,102.5,112.5,117.5,117.5,122.5,117.5,1,No,D
Elizabeth Gibney,38,Raw,F,FO,76.3,82.5,,,,,,97.5,102.5,110,110,,110,1,No,D
Alice Darcy,23,Raw,F,F-J,58.8,60,,,,,,80,90,97.5,97.5,,97.5,1,No,D
Laura Vogelslang,26,Raw,F,FO,67.3,67.5,,,,,,145,160,165,165,,165,1,No,D
Danielle McGee,38,Single-ply,F,FO,59.4,60,,,,,,155.5,162.5,-167.5,162.5,,162.5,1,No,D
Tara O'Shaughnessy,41,Multi-ply,F,FO,74.2,75,,,,,,165,172.5,-180,172.5,,172.5,1,No,D
Deanna Hughes,23,Raw,F,F-J,74.9,75,,,,,,175,190,-200,190,,190,1,No,D
James Hickey,39,Single-ply,M,MO,124.7,125,,,,,,,,,,,,NS,No,D
Francis Kirby,43,Raw,M,M-1,123.4,125,,,,,,,,,,,,NS,No,D
Killian Carolan,21,Raw,M,M-J,109.9,110,,,,,,,,,,,,NS,No,D
Seán Hoey,43,Single-ply,M,M-1,99.3,100,,,,,,310,-325,325,325,-337.5,325,1,No,D
Francis Kirby,43,Raw,M,M-1,123.4,125,,,,,,320,-325,-325,320,,320,1,No,D
Nick Sazenski,23,Raw,M,M-J,85.1,90,,,,,,210,230,240,240,,240,1,No,D
Ian Benson,28,Raw,M,M-J,92.2,100,,,,,,215,230,240,240,,240,1,No,D
Billy Hutchinson,28,Single-ply,M,MO,81,82.5,,,,,,260,267.5,272.5,272.5,,272.5,1,No,D
Tom Mannion,36,Raw,M,MO,81.7,82.5,,,,,,245,268,272.5,272.5,,272.5,2,No,D
Wayne Cox,49,Raw,M,M-2,89.1,90,,,,,,260,275,-280,275,,275,1,No,D
Tommy Dolan,30,Raw,M,MO,90,90,,,,,,277.5,292.5,-302.5,292.5,,292.5,1,No,D
Padraig Foley,30,Raw,M,MO,91.5,100,,,,,,260,272.5,,272.5,,272.5,1,No,D
Bosco Reid,56,Single-ply,M,M-4,88,90,,,,,,135,145,,145,,145,1,No,D
