Name,Sex,State,Division,WeightClassKg,Best3SquatKg,Best3BenchKg,Best3DeadliftKg,TotalKg,Event,Equipment,Place
A. Montz,F,NT,FT3-MP,52,67.5,30,85,182.5,SBD,Multi-ply,1
R. Brook,F,NT,FT1-MP,60,85,35,110,230,SBD,Multi-ply,1
M. Tsoukalis,M,NT,MT1-MP,56,100,30,105,235,SBD,Multi-ply,1
Suzanne Jackson,F,NT,FM3-MP,67.5,100,60,135,295,SBD,Multi-ply,1
Amanda Miller,F,NT,FSM-MP,67.5,107.5,65,135,307.5,SBD,Multi-ply,1
Sharyn Scott,F,NT,FO-MP,82.5,140,82.5,160,382.5,SBD,Multi-ply,1
Shane Stringer,M,NT,MSM-MP,100,220,190,240,650,SBD,Multi-ply,1
David Smith,M,NT,MM1-MP,100,255,135,285,675,SBD,Multi-ply,1
C. Zamolo,M,NT,MM1-MP,110,265,,,,SBD,Multi-ply,DQ
