,,12/12/2020,,CAPO NATIONAL DEADLIFT - SOUTH AUSTRALIA,,,,,,,,,,,State,National,National,National
,,Name,State,Age,Div,BWT (kg),Wt Cls,Deadlift 1,Deadlift 2,Deadlift 3,Deadlift 4,Best Deadlift,Coeff Score,Age & Coeff,Pl-Div,Pl-Div,Pl-WtCl,OVERALL
No,CAPO,Pam Li,Vic,50,FM-R,51.9,52,115,125,-130,,125,138.6625,156.6886,1-FM-R,1-FM-R,1-FR-52,Female - 8
WPC,CAPO,Asha Pochin,Qld,40,FM-R,55.5,56,130,140,150,-155,150,157.27,157.71,1-FM-R,2-FM-R,1-FR-56,Female - 3
No,CAPO,Emily Glew,SA,21,FJ-R,55.2,56,122.5,132.5,142.5,,142.5,150.49425,,1-FJ-R,1-FJ-R,2-FR-56,Female - 6
WPC,CAPO,Anna Parygina,Vic,50,FM-R,54.7,56,100,110,117.5,120,117.5,124.9965,141.246,4-FM-R,3-FM-R,3-FR-56,Female - 15
No,No,Jordan Raphael,SA,29,FO-R,59.25,60,127.5,137.5,145,,145,144.55775,,2-FO-R,5-FO-R,1-FR-60,Female - 7
No,No,Tarran Mead,Qld,34,FO-R,59.4,60,125,132.5,-150,,132.5,131.56,,4-FO-R,8-FO-R,2-FR-60,Female - 13
No,CAPO,Leesa Langley,Vic,48,FM-R,58.1,60,120,127.5,-135,,127.5,129.2212,141.7557,3-FM-R,4-FM-R,3-FR-60,Female - 14
No,No,Shelley Laing,Qld,31,FO-R,58,60,90,100,105,,105,106.25,,10-FO-R,16-FO-R,4-FR-60,Female - 27
No,CAPO,Anna Bailey,Qld,33,FO-R,60.9,67.5,155,165,-172.5,,165,160.65,,1-FO-R,2-FO-R,1-FR-67.5,Female - 2
No,No,Greer Mason,Qld,31,FO-R,63.6,67.5,150,160,-170,,160,150.63,,2-FO-R,4-FO-R,2-FR-67.5,Female - 5
No,No,Hazel Chee,Qld,32,FO-R,66.5,67.5,120,135,145,,145,132,,3-FO-R,6-FO-R,3-FR-67.5,Female - 11
No,No,Emma Jacobs,SA,21,FJ-R,63.2,67.5,125,135,142.5,,142.5,135.011625,,2-FJ-R,2-FJ-R,4-FR-67.5,Female - 9
No,No,Jenny Law,Vic,50,FM-R,63,67.5,125,135,140,,140,132.979,150.2663,2-FM-R,5-FM-R,5-FR-67.5,Female - 10
No,No,Genevieve Smith,SA,35,FO-R,64.2,67.5,115,125,130,,130,121.6475,,4-FO-R,11-FO-R,6-FR-67.5,Female - 19
No,No,Maddy Hughes,SA,22,FJ-R,65.3,67.5,107.5,115,120,,120,110.79,,3-FJ-R,3-FJ-R,7-FR-67.5,Female - 24
No,No,Janine Gomes,Vic,33,FO-R,66,67.5,110,115,120,,120,109.872,,2-FO-R,14-FO-R,8-FR-67.5,Female - 25
No,No,Aimee Eitenever,Qld,25,FO-R,67.4,67.5,-105,105,-115,,105,94.64,,12-FO-R,19-FO-R,9-FR-67.5,Female - 33
No,No,Kerryn Anderson,Vic,60,FM-R,66.5,67.5,82,87.5,92.5,,92.5,84.1935,112.8193,5-FM-R,6-FM-R,10-FR-67.5,Female - 36
No,CAPO,Mia Johnson,Vic,16,FT-R,66.3,67.5,60,70,-75,,70,63.8645,,1-FT-R,1-FT-R,11-FR-67.5,Female - 39
No,No,Carmen Fitzpatrick,SA,40,FM-R,73.4,75,122.5,132.5,140,,140,118.769,118.769,2-FM-R,7-FM-R,1-FR-75,Female - 20
No,No,Stephanie Di Raco,Vic,26,FO-R,74.5,75,112.5,117.5,-122.5,,117.5,98.6882,,3-FO-R,18-FO-R,2-FR-75,Female - 32
No,No,Kelly Knuckey ,SA,40,FM-R,71.8,75,90,97.5,-105,,97.5,83.967,83.967,4-FM-R,8-FM-R,3-FR-75,Female - 37
No,No,Ligaya Wood,SA,36,FO-R,79.95,82.5,170,190,-200,,190,152.3325,,1-FO-R,3-FO-R,1-FR-82.5,Female - 4
No,No,Soraya Engelken,Qld,38,FO-R,79.5,82.5,140,150,155,,155,124.86,,6-FO-R,10-FO-R,2-FR-82.5,Female - 17
No,No,Kelly-Ann King,Qld,34,FO-R,75.5,82.5,130,140,150,,150,124.88,,5-FO-R,9-FO-R,3-FR-82.5,Female - 16
No,No,Katie Beavers,Qld,26,FO-R,79.2,82.5,130,135,140,,140,113.04,,8-FO-R,13-FO-R,4-FR-82.5,Female - 23
No,No,Amie Cox,Qld,27,FO-R,77.5,82.5,125,132.5,-137.5,,132.5,108.46,,9-FO-R,15-FO-R,5-FR-82.5,Female - 26
No,CAPO,Charlotte Goess,SA,51,FM-R,80.85,82.5,110,120,130,,130,103.4995,118.7139265,3-FM-R,9-FM-R,6-FR-82.5,Female - 28
WPC,CAPO,Bobbie Dowdle,Qld,56,FM-R,81.5,82.5,107.5,112.5,115,,115,91.25,113.5573,3-FM-R,10-FM-R,7-FR-82.5,Female - 35
No,No,Christine Larsen,Qld,42,FM-R,76.8,82.5,77.5,85,90,,90,74.1,75.5652,4-FM-R,11-FM-R,8-FR-82.5,Female - 38
WPC,CAPO,Ingrid Barclay,Vic,52,FO-R,85.6,90,210,228,-230,,228,175.389,204.3282,1-FO-R,1-FO-R,1-FR-90,Female - 1 
No,No,Simone Whalley,Qld,32,FO-R,88.3,90,130,140,150,,150,113.78,,7-FO-R,12-FO-R,2-FR-90,Female - 22
No,No,Tori Davidson,SA,22,FJ-R,87.1,90,115,125,132.5,,132.5,100.892125,,4-FJ-R,4-FJ-R,3-FR-90,Female - 30
No,No,Kodie Honey,Qld,30,FO-R,84.3,90,110,122.5,130,,130,101.14,,11-FO-R,17-FO-R,4-FR-90,Female - 29
No,No,Narelle Glanfield,Vic,43,FM-R,83.4,90,115,120,127.5,,127.5,99.6221,102.7104,6-FM-R,12-FM-R,5-FR-90,Female - 31
No,No,Carli Van Der Hoek,SA,31,FO-R,108.85,SHW,175,190,-200,,190,131.7935,,3-FO-R,7-FO-R,1-FR-SHW,Female - 12
WPC,CAPO,Hilda Betham,Qld,45,FM-R,122,SHW,150,165,172.5,,172.5,116.43,122.9053,2-FM-R,13-FM-R,2-FR-SHW,Female - 21
No,No,Emily Maddern,SA,41,FM-R,91.4,SHW,165,-177.5,-177.5,,165,122.5125,123.737625,1-FM-R,14-FM-R,3-FR-SHW,Female - 18
No,No,Jasmin James,Qld,27,FO-R,101.7,SHW,110,120,130,,130,92.34,,13-FO-R,20-FO-R,4-FR-SHW,Female - 34
No,No,Rachel McNally,Qld,33,FO-R,93.3,SHW,60,,,,60,44.27,,14-FO-R,21-FO-R,5-FR-SHW,Female - 40
,,,,,,,,,,,,,,,,,,
No,CAPO,Jim Panagiotidis,Vic,51,MM-R,58.5,60,147.5,155,160,162.5,160,136.608,156.6894,4-MM-R,9-MM-R,1-MR-60,Male - 27
No,No,Brandon Doctor ,SA,18,MT-R,64.6,67.5,145,160,170,,170,132.175,,1-MT-R,2-MT-R,1-MR-67.5,Male - 33
WPC,No,Bernard Appo,Qld,40,MM-R,73.3,75,235,250,-255,,250,175.11,175.1125,4-MM-R,5-MM-R,1-MR-75,Male - 5
No,No,Tristan Crockett,Qld,20,MJ-R,70.4,75,220,230,240,,240,173.5,,1-MJ-R,1-MJ-R,2-MR-75,Male - 6
No,No,Blake Anderson,Qld,28,MO-R,76.6,82.5,-230,230,250,,250,169.5,,2-MO-R,4-MO-R,1-MR-82.5,Male - 7
No,No,Ian Withers,Qld,40,MM-R,78.7,82.5,200,210,220,,220,146.34,146.344,7-MM-R,11-MM-R,3-MR-82.5,Male - 20
No,No,Paul Sanguinetti,Qld,45,MM-R,76.7,82.5,185,205,220,,220,149.02,157.2129,5-MM-R,8-MM-R,2-MR-82.5,Male - 18
No,No,Tony Torcasio,Vic,56,MM-R,78.7,82.5,187.5,197.5,-207.5,,197.5,131.377,163.6957,3-MM-R,7-MM-R,4-MR-82.5,Male - 36
No,No,Jack Lehfeldt,Qld,24,MO-R,89.7,90,-285,300,-310,,300,183.89,,1-MO-R,1-MO-R,1-MR-90,Male - 2
No,No,Matt Smith,SA,30,MO-R,89.45,90,250,-272.5,,,250,153.4375,,4-MO-R,10-MO-R,2-MR-90,Male - 15
No,No,Jared Lusher,SA,32,MO-R,82.8,90,220,230,-240,,230,147.913,,6-MO-R,13-MO-R,3-MR-90,Male - 19
No,No,Hugh Williamson,Qld,20,MJ-R,87.9,90,175,190,200,,200,124.01,,3-MJ-R,5-MJ-R,4-MR-90,Male - 40
No,No,Angus Barter,SA,22,MJ-R,86.45,90,180,190,-202.5,,190,118.9305,,3-MJ-R,7-MJ-R,5-MR-90,Male - 45
No,No,Adam Williamson,Qld,17,MT-R,86.5,90,160,175,182.5,,182.5,114.23,,2-MT-R,4-MT-R,6-MR-90,Male - 49
WPC,CAPO,Adrian Zwaan,Vic,82,MM-R,83.2,90,140,145.5,152.5,-155,152.5,97.7678,209.5163,1-MM-R,2-MM-R,7-MR-90,Male - 52
No,No,Shannan Thompson,Vic,24,MO-R,97.9,100,290,300,310,,310,181.8615,,1-MO-R,3-MO-R,1-MR-100,Male - 4
No,No,Willis Goodwin,SA,26,MO-R,92,100,255,265,272.5,,272.5,164.78075,,2-MO-R,6-MO-R,2-MR-100,Male - 9
No,No,Tyler Small,Qld,26,MO-R,93.3,100,235,-255,255,,255,153.06,,6-MO-R,11-MO-R,3-MR-100,Male - 16
No,No,Alex Doggett,SA,27,MO-R,99.7,100,230,245,-255,,245,142.60225,,7-MO-R,14-MO-R,4-MR-100,Male - 22
No,No,Griffin Finlay-Brookes,SA,21,MJ-R,97.4,100,210,225,240,,240,141.12,,1-MJ-R,2-MJ-R,5-MR-100,Male - 24
No,No,Phil Van Der Hoek,SA,33,MO-R,95,100,215,230,237.5,,237.5,141.28875,,8-MO-R,15-MO-R,6-MR-100,Male - 23
No,No,Joshua D'Agostino,SA,26,MO-R,96.8,100,200,-215,230,,230,135.6195,,9-MO-R,17-MO-R,8-MR-100,Male - 31
No,No,Neil Briton,Qld,39,MO-R,92.2,100,220,230,-237.5,,230,138.91,,7-MO-R,16-MO-R,7-MR-100,Male - 25
No,CAPO,Peter Baskerville,Qld,66,MM-R,99.6,100,202.5,220,-231,,220,128.09,193.5682,3-MM-R,4-MM-R,9-MR-100,Male - 38
No,No,Nikhil Patil,Vic,34,MO-R,98.9,100,195,205,212.5,,212.5,124.1106,,2-MO-R,22-MO-R,10-MR-100,Male - 39
No,No,Thomas Piccinin,Vic,16,MT-R,94.5,100,185,195,207.5,,207.5,123.7634,,1-MT-R,3-MT-R,11-MR-100,Male - 41
No,No,Jack Walsh,SA,20,MJ-R,97.4,100,170,192.5,205,,205,120.54,,2-MJ-R,6-MJ-R,12-MR-100,Male - 44
No,No,Tom Golubic,SA,29,MO-R,96.4,100,180,195,205,,205,121.114,,11-MO-R,23-MO-R,14-MR-100,Male - 43
No,No,David Wicks,Qld,54,MM-R,95,100,185,195,205,,205,121.95,146.8332,6-MM-R,10-MM-R,13-MR-100,Male - 42
No,No,Jim Heintzenberger,Qld,39,MO-R,96.4,100,180,200,-205,,200,118.15,,11-MO-R,24-MO-R,17-MR-100,Male - 46
No,No,Miki Mayer,Vic,43,MM-R,99.5,100,180,190,200,,200,116.51,120.1218,6-MM-R,16-MM-R,16-MR-100,Male - 48
No,No,Phillip Glass,Qld,47,MM-R,99,100,-190,200,-207.5,,200,116.75,126.3343,10-MM-R,15-MM-R,15-MR-100,Male - 47
No,No,Nick Guthrie,Qld,28,MO-R,109.45,110,260,280,-292.5,,280,157.71,,4-MO-R,8-MO-R,1-MR-110,Male - 12
No,No,Liam Johnston,Qld,19,MT-R,101.1,110,230,250,-260,,250,144.67,,1-MT-R,1-MT-R,2-MR-110,Male - 21
No,No,Nicholas Findelator,Qld,22,MJ-R,108.1,110,230,-240,245,,245,138.5,,2-MJ-R,3-MJ-R,3-MR-110,Male - 26
No,No,Aredin Lumanovski,Vic,23,MJ-R,106.4,110,205,225,240,,240,136.344,,1-MJ-R,4-MJ-R,4-MR-110,Male - 28
No,No,Nathan Liebke,Qld,46,MM-R,107.6,110,205,225,240,,240,135.86,145.1028,9-MM-R,13-MM-R,5-MR-110,Male - 30
No,No,Levi Bateman,SA,29,MO-R,106.1,110,210,225,235,,235,133.63275,,10-MO-R,18-MO-R,6-MR-110,Male - 32
No,No,Brandon Greco,Qld,27,MO-R,103.7,110,180,210,230,,230,131.82,,8-MO-R,19-MO-R,7-MR-110,Male - 34
No,No,James Martin,Qld,35,MO-R,101.7,110,-200,210,225,,225,129.9,,10-MO-R,21-MO-R,8-MR-110,Male - 37
No,No,Morgan Keech,Qld,22,MJ-R,109.6,110,150,165,180,,180,101.34,,4-MJ-R,8-MJ-R,9-MR-110,Male - 51
No,No,Marcus Aland,SA,44,MO-R,123.6,125,310,335,-345,,335,183.2785,191.1594755,1-MO-R,2-MO-R,1-MR-125,Male - 3
No,No,Kevin Butler,Qld,31,MO-R,120.1,125,280,300,-310,,300,165.25,,3-MO-R,5-MO-R,2-MR-125,Male - 8
WPC,CAPO,Terrence Titus,Qld,65,MM-R,119.5,125,285,295,-305,,295,162.67,240.7631,1-MM-R,1-MM-R,3-MR-125,Male - 11
No,No,Tayler Smith ,SA,25,MO-R,110.15,125,270,290,-300,,290,163.038,,3-MO-R,7-MO-R,4-MR-125,Male - 10
No,No,Corey Allen,Qld,35,MO-R,115.9,125,240,265,280,,280,155.46,,5-MO-R,9-MO-R,6-MR-125,Male - 13
No,CAPO,John Wallin,Vic,49,MM-R,122.4,125,240,260,280,-290,280,153.566,170.919,2-MM-R,6-MM-R,5-MR-125,Male - 14
No,No,David Heard,Qld,39,MO-R,121.8,125,220,240,-260,,240,131.77,,9-MO-R,20-MO-R,7-MR-125,Male - 35
No,CAPO,Eben Le Roux,Qld,42,MM-R,130.5,140,325,350,365,,365,197.03,200.975,2-MM-R,3-MM-R,1-MR-140,Male - 1
No,No,Luke Smith,SA,35,MO-R,135.65,140,240,260,280,,280,149.758,,5-MO-R,12-MO-R,2-MR-140,Male - 17
No,No,Jarad Evans,Qld,46,MM-R,126.7,140,225,240,250,,250,135.91,145.1546,8-MM-R,12-MM-R,3-MR-140,Male - 29
No,No,Damien Christidis,Vic,50,MM-R,135,140,190,200,210,,210,112.4592,127.0789,5-MM-R,14-MM-R,4-MR-140,Male - 50
,,,,,,,,,,,,,,,,,,
WPC,CAPO,Anderson Janes,Qld,18,MT-MP,99.3,100,227.5,235,-240,,235,137,,1-MT-MP,1-MT-MP,,
No,CAPO,Joshua Ferguson,Qld,26,MO-SP,89.6,90,235,255,-270,,255,156.4,,1-MO-SP,1-MO-SP,,
WPC,No,Neil Postlethwaite,Vic,40,MM-SP,81.3,82.5,235.5,,,,235.5,153.2634,153.2634,1-MM-SP,1-MM-SP,,
WPC,CAPO,Kathryn Marker,Qld,34,FO-SP,78.3,82.5,130,140,-145,,140,113.85,,1-FO-SP,1-FO-SP,,
,,,,,,,,,,,,,,,,,,
,,Jonny Nelson,Qld,38,MO-R,117.5,125,-250,-250,,,,,,,,,
,,Fred Schuster,Vic,26,MO-R,89.9,90,,,,,,,,,,,
