Name,Age,Sex,Event,Equipment,Division,WeightClassKg,BodyweightKg,State,Squat1Kg,Squat2Kg,Squat3Kg,Best3SquatKg,Squat4Kg,Bench1Kg,Bench2Kg,Bench3Kg,Best3BenchKg,Bench4Kg,Deadlift1Kg,Deadlift2Kg,Deadlift3Kg,Best3DeadliftKg,Deadlift4Kg,TotalKg,Place,BirthDate
Teresa Manning,41,F,B,Multi-ply,FO-MP,48,45.7,QLD,,,,,,60,-65,65,65,-70,,,,,,65,1,
Yuval Bar,30,M,B,Multi-ply,MO-MP,75,74.1,VIC,,,,,,-180,-180,-180,,,,,,,,,DQ,
Ange Galati,35,M,B,Multi-ply,MO-MP,82.5,79,VIC,,,,,,210,220,-225,220,-225,,,,,,220,1,
Peter Lacey,21,M,B,Multi-ply,MO-MP,82.5,79.2,QLD,,,,,,120,130,137.5,137.5,-155.5,,,,,,137.5,2,
Ken Smith,49,M,B,Multi-ply,MO-MP,82.5,81.1,NT,,,,,,105,-110,-110,105,,,,,,,105,3,
Mason Jardine,45,M,B,Multi-ply,MO-MP,90,89.7,QLD,,,,,,-215,215,227.5,227.5,233,,,,,,227.5,1,
Shane Stringer,41,M,B,Multi-ply,MO-MP,100,95.4,NT,,,,,,-200,-200,-200,,,,,,,,,DQ,
Henry Day,39,M,B,Multi-ply,MO-MP,100,99.8,WA,,,,,,-225,-225,-225,,,,,,,,,DQ,
Shaun Bostock,33,M,B,Multi-ply,MO-MP,140,128.6,VIC,,,,,,-220,-220,-220,,,,,,,,,DQ,
Dean Cowan,31,M,B,Multi-ply,MO-MP,140+,154,QLD,,,,,,255,273,-282,273,,,,,,,272.5,1,
Adrian Zalcman,23,M,SBD,Multi-ply,MO-MP,60,60,VIC,200,-210,-210,200,,115,122.5,,122.5,,185,205,215.5,215.5,,537.5,1,
Gerard Gaud,38,M,SBD,Multi-ply,MO-MP,75,74.2,VIC,210,220,-230,220,,120,-125,-125,120,,230,240,-250,240,,580,2,
Greg Hills,32,M,SBD,Multi-ply,MO-MP,75,73.4,NSW,240,-252.5,-252.5,240,,140,150,-160,150,,240,250,260,260,,650,1,
Ange Galati,35,M,SBD,Multi-ply,MO-MP,82.5,79.9,VIC,185,205,-220,205,,210,220,-230,220,,200,-230,-250,200,,625,2,
Damon Hayhow,27,M,SBD,Multi-ply,MO-MP,82.5,81.7,QLD,220,235,245,245,,130,140,-145,140,,260,275,-292.5,275,,660,1,
Bill Harnett,32,M,SBD,Multi-ply,MO-MP,82.5,82.5,WA,200,220,235,235,,-145,-145,-145,,,,,,,,,DQ,
Dave Smith #2,42,M,SBD,Multi-ply,MO-MP,90,90,NT,-240,-250,-250,-240,,,,,,,,,,,,,DQ,
Brian Jarrott,34,M,SBD,Multi-ply,MO-MP,90,83.4,NSW,245,255,-265,255,,130,140,-150,140,,230,245,260,260,,655,2,
Dean Riordon,39,M,SBD,Multi-ply,MO-MP,90,88.4,WA,235,-250,250,250,,160,170,-180,170,,265,275,-282.5,275,,695,1,
Andrew Butcher,27,M,SBD,Multi-ply,MO-MP,100,99.8,VIC,247.5,-265,-267.5,247.5,,175,182.5,190,190,,250,260,272.5,272.5,,710,2,
Warren Rozen,24,M,SBD,Multi-ply,MO-MP,100,95.4,VIC,-270,270,310,310,,140,150,-160,150,,280,-310,-310,280,,740,1,
Shane Stringer,41,M,SBD,Multi-ply,MO-MP,100,95.9,NT,200,-215,-215,200,,170,180,-200,180,,210,230,-245,230,,610,3,
Vince Simonetta,42,M,SBD,Multi-ply,MO-MP,110,104.9,VIC,310,330,-347.5,330,347.5,180,192.5,-197.5,192.5,,310,325,340,340,,862.5,1,
Chris Brown #11,38,M,SBD,Multi-ply,MO-MP,110,108.6,VIC,300,320,330,330,,170,185,195,195,,290,-305,305,305,,830,2,
Ian Webb,27,M,SBD,Multi-ply,MO-MP,110,110,VIC,280,295,310,310,,170,180,-185,180,,280,305,-310,305,,795,3,
Ken Fiske,34,M,SBD,Multi-ply,MO-MP,110,105.8,VIC,245,265,277.5,277.5,,145,150,-157.5,150,,250,270,-280,270,,697.5,4,
Steve Tye,31,M,SBD,Multi-ply,MO-MP,125,120.8,NSW,115,,,115,,230,250,272.5,272.5,-280,115,,,115,,502.5,2,
Paul Nay,34,M,SBD,Multi-ply,MO-MP,125,115.4,VIC,325,-352.5,-352.5,325,,-225,-235,235,235,-255,300,-317.5,-317.5,300,,860,1,
Marty Girvan,35,M,SBD,Multi-ply,MO-MP,140,125.3,VIC,-280,280,300,300,,-200,200,-220,200,,280,-300,-300,280,,780,1,
Jamie Flood,30,M,SBD,Multi-ply,MO-MP,140+,160.1,NSW,-300,300,-320,300,,170,-185,-185,170,,240,-260,-260,240,,710,2,
Michael Pianko,32,M,SBD,Multi-ply,MO-MP,140+,143.3,NSW,340,-365,365,365,,-210,210,-240,210,,300,-330,,300,,875,1,
Neville Cornelius,36,M,SBD,Multi-ply,MO-MP,75,75,VIC,190,-202.5,210,210,,117.5,-120,-120,117.5,,190,205,-212.5,205,,532.5,4,
Danny Brien,51,M,SBD,Multi-ply,MO-MP,75,73.4,WA,190,210,220,220,,80,97.5,102.5,102.5,,190,220,-227.5,220,,542.5,3,
Maurie Craggs,71,M,SBD,Multi-ply,MM-MP,75,73.3,QLD,150,-170,170,170,,-80,80,,80,,170,190,-205.5,190,,440,2,
Yuval Bar,30,M,SBD,Multi-ply,MO-MP,75,73.9,VIC,-140,140,-160,140,,160,170,-182.5,170,,,,,,,,DQ,
Peter Goujon,50,M,SBD,Multi-ply,MM-MP,75,74.5,VIC,-80,90,100,100,,90,100,110,110,120,65,,,65,,275,3,
Ken Smith,49,M,SBD,Multi-ply,MM-MP,82.5,81.2,NT,165,175,-180,175,,100,-107.5,-107.5,100,,190,202.5,-210,202.5,,477.5,1,
Reno Borg,64,M,SBD,Multi-ply,MM-MP,82.5,81,VIC,140,150,160,160,,95,105,110,110,,160,170,180,180,,450,2,
Mike Brittain,41,M,SBD,Multi-ply,MM-MP,90,87,VIC,180,200,212.5,212.5,,125,130,135,135,,160,177.5,187.5,187.5,,535,1,
Wim Van Weenen,71,M,SBD,Multi-ply,MM-MP,90,89.9,VIC,140,150,160,160,,95,100,-102.5,100,,180,190,-192.5,190,,450,2,
Adam Coe,41,M,SBD,Multi-ply,MM-MP,100,98.8,WA,170,187.5,200,200,,170,187.5,200,200,,250,275,300,300,-322.5,700,1,1962-06-02
Barry Murray,45,M,SBD,Multi-ply,MM-MP,110,100.6,VIC,185,205,220,220,,170,-177.5,177.5,177.5,180,230,-250,-250,230,,627.5,2,
Henning Bach,54,M,SBD,Multi-ply,MM-MP,140+,147.4,WA,220,-240,-250,220,,-150,155,165,165,,260,280,300,300,,685,1,
Terrence Titus,47,M,SBD,Multi-ply,MM-MP,110,102.6,QLD,250,260,-270,260,,160,-165,-165,160,,275,290,-302.5,290,,710,1,
Peter Phillips,40,M,SBD,Multi-ply,MM-MP,110,107.1,WA,240,-255,-255,240,,-145,-145,-145,,,,,,,,,DQ,
Paul Frange,33,M,SBD,Multi-ply,MO-MP,125,118.3,VIC,250,-270,-270,250,,-180,-190,-190,,,,,,,,,DQ,
Thomas Bermingham,17,M,SBD,Multi-ply,MT-MP,60,59.3,QLD,-145,145,-157.5,145,,75,82.5,85,85,,160,-167.5,170,170,,400,1,
Michael Trentin,20,M,SBD,Multi-ply,MJ-MP,67.5,67.1,QLD,147.5,161,-167.5,161,,100,-112.5,-112.5,100,,180,195,-202.5,195,,456,1,
Anthony Christodoulou,18,M,SBD,Multi-ply,MT-MP,67.5,67.5,VIC,150,160,170,170,,85,90,-96,90,96,160,170,177.5,177.5,185.5,437.5,2,
Blake Stratton,17,M,SBD,Multi-ply,MT-MP,67.5,66.7,QLD,120,-140,147.5,147.5,,85,-90,-90,85,,190,205,-220.5,205,,437.5,1,
Matthew Douglas,21,M,SBD,Multi-ply,MJ-MP,75,72.5,QLD,125,135,-145,135,,75,-82.5,-82.5,75,,175,182.5,192.5,192.5,,402.5,2,
Daniel DiPasqua,20,M,SBD,Multi-ply,MJ-MP,75,71.5,VIC,-150,150,180,180,-200.5,100,-110,-110,100,,-150,180,202.5,202.5,-235.5,482.5,1,
Guy Belgrove,15,M,SBD,Multi-ply,MT-MP,82.5,78.4,QLD,140,150,-160,150,,80,90,-100,90,,150,165,180,180,,420,1,
Kristian Coliero,20,M,SBD,Multi-ply,MJ-MP,82.5,79.6,VIC,-140,-140,140,140,,90,100,-105,100,,160,175,-185,175,,415,1,
Brenton Matthews,16,M,SBD,Multi-ply,MT-MP,100,90.1,QLD,110,120,130,130,,80,85,90,90,,170,180,190,190,,410,1,
Nathan Edwards,18,M,SBD,Multi-ply,MT-MP,110,105.1,VIC,-265,-285,300,300,,130,140,145,145,,280,300,-313,300,,745,1,
Neville Cornelius,36,M,SBD,Multi-ply,MO-MP,75,75,VIC,190,-202.5,210,210,,117.5,-120,-120,117.5,,190,205,-212.5,205,,532.5,5,
Danny Brien,51,M,SBD,Multi-ply,MM-MP,75,73.4,WA,190,210,220,220,,80,97.5,102.5,102.5,,190,220,-227.5,220,,542.5,1,
Tegan Colliver,32,F,SBD,Multi-ply,FO-MP,48,46.7,VIC,90,-100,100,100,,47.5,52,-55,52,,100,110,117.5,117.5,120,269.5,2,
Teresa Manning,41,F,SBD,Multi-ply,FO-MP,48,45.5,QLD,80,85,-90,85,,60,65,-70,65,,120,125,-130,125,,275,1,
Freda Dinakis,31,F,SBD,Multi-ply,FO-MP,75,71.9,VIC,120,130,140,140,-160.5,80,90,100,100,,150,170.5,-175,170.5,,410,1,
Suzanne Jackson,55,F,SBD,Multi-ply,FO-MP,67.5,67.3,NT,-95,95,-100,95,,-57.5,-57.5,57.5,57.5,,130,135,-140,135,,287.5,2,
Amanda Miller,39,F,SBD,Multi-ply,FO-MP,67.5,64,NT,105,-112.5,-115,105,,62.5,67.5,-70,67.5,,130,-140,-140,130,,302.5,1,
Cecelia Titus,44,F,SBD,Multi-ply,FO-MP,82.5,77.2,QLD,130,140,-145,140,,-90,90,92.5,92.5,,170,185,-192.5,185,,417.5,2,
Terri-Leigh Wulff,36,F,SBD,Multi-ply,FO-MP,82.5,81.3,QLD,-135,135,150,150,,95,106,110,110,,160,175,-197.5,175,197.5,435,1,
